,Instance_id,rating
0,1,5
1,2,5
2,3,1
3,4,3
4,5,5
5,6,5
6,7,5
7,8,5
8,9,5
9,10,5
10,11,5
11,12,5
12,13,5
13,14,5
14,15,5
15,16,3
16,17,5
17,18,5
18,19,5
19,20,5
20,21,3
21,22,1
22,23,5
23,24,5
24,25,3
25,26,5
26,27,5
27,28,1
28,29,3
29,30,3
30,31,3
31,32,5
32,33,5
33,34,5
34,35,5
35,36,3
36,37,5
37,38,5
38,39,3
39,40,3
40,41,5
41,42,5
42,43,3
43,44,3
44,45,5
45,46,5
46,47,5
47,48,5
48,49,5
49,50,3
50,51,5
51,52,5
52,53,5
53,54,5
54,55,5
55,56,5
56,57,5
57,58,1
58,59,5
59,60,5
60,61,5
61,62,3
62,63,1
63,64,5
64,65,5
65,66,5
66,67,5
67,68,1
68,69,3
69,70,5
70,71,5
71,72,5
72,73,3
73,74,5
74,75,1
75,76,5
76,77,3
77,78,5
78,79,5
79,80,5
80,81,3
81,82,5
82,83,5
83,84,5
84,85,5
85,86,5
86,87,1
87,88,5
88,89,5
89,90,5
90,91,3
91,92,5
92,93,5
93,94,5
94,95,5
95,96,5
96,97,5
97,98,5
98,99,5
99,100,5
100,101,5
101,102,5
102,103,3
103,104,3
104,105,5
105,106,5
106,107,5
107,108,3
108,109,5
109,110,5
110,111,1
111,112,5
112,113,5
113,114,5
114,115,3
115,116,3
116,117,5
117,118,5
118,119,5
119,120,5
120,121,5
121,122,5
122,123,5
123,124,5
124,125,5
125,126,5
126,127,5
127,128,3
128,129,5
129,130,3
130,131,5
131,132,5
132,133,5
133,134,5
134,135,3
135,136,5
136,137,5
137,138,5
138,139,5
139,140,3
140,141,5
141,142,5
142,143,5
143,144,5
144,145,5
145,146,5
146,147,5
147,148,5
148,149,5
149,150,5
150,151,3
151,152,5
152,153,1
153,154,5
154,155,5
155,156,5
156,157,5
157,158,5
158,159,5
159,160,5
160,161,5
161,162,5
162,163,5
163,164,5
164,165,5
165,166,3
166,167,5
167,168,5
168,169,1
169,170,3
170,171,5
171,172,5
172,173,5
173,174,5
174,175,5
175,176,5
176,177,3
177,178,3
178,179,5
179,180,5
180,181,5
181,182,5
182,183,5
183,184,3
184,185,5
185,186,5
186,187,5
187,188,5
188,189,5
189,190,3
190,191,5
191,192,5
192,193,5
193,194,3
194,195,5
195,196,5
196,197,1
197,198,5
198,199,5
199,200,5
200,201,3
201,202,5
202,203,5
203,204,3
204,205,5
205,206,1
206,207,5
207,208,5
208,209,5
209,210,5
210,211,5
211,212,3
212,213,5
213,214,5
214,215,5
215,216,5
216,217,5
217,218,3
218,219,5
219,220,1
220,221,3
221,222,5
222,223,3
223,224,5
224,225,5
225,226,3
226,227,5
227,228,5
228,229,5
229,230,5
230,231,5
231,232,5
232,233,5
233,234,5
234,235,3
235,236,3
236,237,5
237,238,5
238,239,5
239,240,5
240,241,1
241,242,5
242,243,5
243,244,5
244,245,3
245,246,5
246,247,5
247,248,3
248,249,5
249,250,5
250,251,5
251,252,1
252,253,5
253,254,3
254,255,5
255,256,5
256,257,5
257,258,5
258,259,3
259,260,5
260,261,5
261,262,3
262,263,5
263,264,5
264,265,5
265,266,5
266,267,5
267,268,5
268,269,1
269,270,5
270,271,3
271,272,5
272,273,1
273,274,5
274,275,3
275,276,1
276,277,5
277,278,5
278,279,1
279,280,5
280,281,5
281,282,1
282,283,3
283,284,3
284,285,3
285,286,5
286,287,5
287,288,5
288,289,3
289,290,5
290,291,5
291,292,5
292,293,5
293,294,5
294,295,5
295,296,5
296,297,1
297,298,3
298,299,5
299,300,5
300,301,5
301,302,5
302,303,5
303,304,5
304,305,3
305,306,5
306,307,5
307,308,5
308,309,5
309,310,5
310,311,5
311,312,3
312,313,5
313,314,5
314,315,3
315,316,5
316,317,3
317,318,5
318,319,3
319,320,5
320,321,5
321,322,5
322,323,5
323,324,5
324,325,1
325,326,5
326,327,1
327,328,5
328,329,5
329,330,5
330,331,5
331,332,5
332,333,5
333,334,5
334,335,5
335,336,3
336,337,5
337,338,5
338,339,5
339,340,3
340,341,5
341,342,5
342,343,5
343,344,5
344,345,5
345,346,5
346,347,3
347,348,1
348,349,5
349,350,5
350,351,5
351,352,3
352,353,5
353,354,5
354,355,5
355,356,5
356,357,5
357,358,5
358,359,1
359,360,5
360,361,5
361,362,5
362,363,5
363,364,5
364,365,1
365,366,5
366,367,5
367,368,5
368,369,5
369,370,5
370,371,5
371,372,1
372,373,5
373,374,1
374,375,5
375,376,5
376,377,5
377,378,5
378,379,5
379,380,5
380,381,5
381,382,5
382,383,3
383,384,5
384,385,5
385,386,1
386,387,5
387,388,5
388,389,5
389,390,5
390,391,5
391,392,3
392,393,5
393,394,5
394,395,5
395,396,5
396,397,3
397,398,5
398,399,5
399,400,5
400,401,5
401,402,5
402,403,3
403,404,5
404,405,5
405,406,3
406,407,5
407,408,1
408,409,5
409,410,5
410,411,1
411,412,3
412,413,3
413,414,5
414,415,3
415,416,1
416,417,5
417,418,5
418,419,5
419,420,5
420,421,3
421,422,5
422,423,5
423,424,3
424,425,5
425,426,3
426,427,5
427,428,3
428,429,5
429,430,5
430,431,3
431,432,5
432,433,5
433,434,5
434,435,5
435,436,5
436,437,1
437,438,3
438,439,1
439,440,5
440,441,5
441,442,5
442,443,5
443,444,5
444,445,3
445,446,5
446,447,5
447,448,5
448,449,5
449,450,5
450,451,5
451,452,3
452,453,5
453,454,5
454,455,5
455,456,5
456,457,3
457,458,5
458,459,5
459,460,3
460,461,3
461,462,3
462,463,5
463,464,5
464,465,5
465,466,5
466,467,5
467,468,5
468,469,5
469,470,5
470,471,5
471,472,5
472,473,5
473,474,5
474,475,5
475,476,5
476,477,5
477,478,5
478,479,1
479,480,5
480,481,3
481,482,5
482,483,5
483,484,5
484,485,3
485,486,3
486,487,5
487,488,5
488,489,5
489,490,1
490,491,5
491,492,5
492,493,5
493,494,5
494,495,3
495,496,5
496,497,5
497,498,5
498,499,5
499,500,5
500,501,3
501,502,5
502,503,5
503,504,5
504,505,5
505,506,5
506,507,5
507,508,3
508,509,5
509,510,3
510,511,1
511,512,3
512,513,5
513,514,5
514,515,5
515,516,3
516,517,5
517,518,5
518,519,5
519,520,5
520,521,5
521,522,3
522,523,5
523,524,5
524,525,5
525,526,3
526,527,1
527,528,5
528,529,5
529,530,5
530,531,5
531,532,5
532,533,5
533,534,5
534,535,5
535,536,5
536,537,5
537,538,3
538,539,5
539,540,5
540,541,3
541,542,5
542,543,5
543,544,5
544,545,5
545,546,5
546,547,1
547,548,3
548,549,5
549,550,5
550,551,5
551,552,5
552,553,5
553,554,5
554,555,5
555,556,1
556,557,3
557,558,5
558,559,5
559,560,5
560,561,5
561,562,5
562,563,3
563,564,5
564,565,5
565,566,5
566,567,3
567,568,1
568,569,5
569,570,5
570,571,5
571,572,5
572,573,5
573,574,5
574,575,5
575,576,5
576,577,5
577,578,5
578,579,5
579,580,5
580,581,3
581,582,5
582,583,5
583,584,5
584,585,5
585,586,3
586,587,5
587,588,5
588,589,5
589,590,5
590,591,3
591,592,5
592,593,3
593,594,1
594,595,1
595,596,5
596,597,1
597,598,3
598,599,5
599,600,5
600,601,5
601,602,5
602,603,5
603,604,5
604,605,5
605,606,3
606,607,5
607,608,5
608,609,5
609,610,1
610,611,5
611,612,5
612,613,5
613,614,5
614,615,5
615,616,5
616,617,5
617,618,5
618,619,5
619,620,5
620,621,5
621,622,5
622,623,5
623,624,3
624,625,5
625,626,5
626,627,5
627,628,3
628,629,5
629,630,5
630,631,5
631,632,5
632,633,5
633,634,5
634,635,5
635,636,5
636,637,3
637,638,5
638,639,3
639,640,3
640,641,5
641,642,1
642,643,5
643,644,5
644,645,5
645,646,5
646,647,5
647,648,5
648,649,5
649,650,5
650,651,5
651,652,3
652,653,1
653,654,1
654,655,5
655,656,5
656,657,5
657,658,3
658,659,5
659,660,5
660,661,5
661,662,5
662,663,5
663,664,5
664,665,5
665,666,5
666,667,3
667,668,5
668,669,3
669,670,5
670,671,3
671,672,5
672,673,5
673,674,5
674,675,5
675,676,3
676,677,5
677,678,5
678,679,5
679,680,5
680,681,3
681,682,5
682,683,5
683,684,1
684,685,5
685,686,5
686,687,5
687,688,5
688,689,5
689,690,3
690,691,5
691,692,5
692,693,5
693,694,5
694,695,3
695,696,3
696,697,5
697,698,5
698,699,5
699,700,3
700,701,5
701,702,5
702,703,3
703,704,5
704,705,5
705,706,3
706,707,5
707,708,5
708,709,3
709,710,5
710,711,5
711,712,5
712,713,5
713,714,5
714,715,5
715,716,5
716,717,5
717,718,5
718,719,5
719,720,5
720,721,5
721,722,5
722,723,5
723,724,3
724,725,5
725,726,5
726,727,5
727,728,3
728,729,5
729,730,5
730,731,5
731,732,5
732,733,5
733,734,5
734,735,5
735,736,5
736,737,5
737,738,5
738,739,3
739,740,5
740,741,5
741,742,3
742,743,5
743,744,5
744,745,5
745,746,5
746,747,5
747,748,1
748,749,5
749,750,5
750,751,5
751,752,5
752,753,5
753,754,5
754,755,5
755,756,5
756,757,5
757,758,1
758,759,5
759,760,5
760,761,5
761,762,3
762,763,5
763,764,3
764,765,5
765,766,5
766,767,5
767,768,3
768,769,1
769,770,5
770,771,3
771,772,5
772,773,5
773,774,5
774,775,5
775,776,5
776,777,1
777,778,5
778,779,5
779,780,5
780,781,5
781,782,5
782,783,5
783,784,5
784,785,5
785,786,5
786,787,5
787,788,5
788,789,5
789,790,5
790,791,5
791,792,5
792,793,3
793,794,3
794,795,5
795,796,5
796,797,5
797,798,5
798,799,5
799,800,5
800,801,5
801,802,5
802,803,5
803,804,5
804,805,5
805,806,5
806,807,3
807,808,3
808,809,3
809,810,5
810,811,5
811,812,1
812,813,5
813,814,5
814,815,5
815,816,5
816,817,5
817,818,3
818,819,5
819,820,5
820,821,5
821,822,5
822,823,5
823,824,5
824,825,5
825,826,3
826,827,5
827,828,1
828,829,5
829,830,5
830,831,5
831,832,5
832,833,5
833,834,5
834,835,5
835,836,5
836,837,3
837,838,5
838,839,5
839,840,3
840,841,5
841,842,3
842,843,5
843,844,5
844,845,5
845,846,3
846,847,5
847,848,5
848,849,3
849,850,3
850,851,5
851,852,5
852,853,5
853,854,3
854,855,3
855,856,5
856,857,3
857,858,5
858,859,3
859,860,5
860,861,3
861,862,5
862,863,5
863,864,5
864,865,5
865,866,5
866,867,3
867,868,3
868,869,5
869,870,5
870,871,5
871,872,3
872,873,5
873,874,5
874,875,5
875,876,3
876,877,5
877,878,5
878,879,5
879,880,5
880,881,5
881,882,3
882,883,5
883,884,5
884,885,5
885,886,5
886,887,1
887,888,5
888,889,5
889,890,5
890,891,5
891,892,5
892,893,5
893,894,5
894,895,3
895,896,3
896,897,5
897,898,5
898,899,5
899,900,5
900,901,5
901,902,5
902,903,1
903,904,5
904,905,5
905,906,5
906,907,3
907,908,3
908,909,5
909,910,5
910,911,3
911,912,5
912,913,5
913,914,5
914,915,5
915,916,3
916,917,3
917,918,3
918,919,3
919,920,3
920,921,5
921,922,3
922,923,5
923,924,5
924,925,5
925,926,5
926,927,5
927,928,1
928,929,5
929,930,3
930,931,3
931,932,5
932,933,5
933,934,5
934,935,5
935,936,5
936,937,5
937,938,5
938,939,1
939,940,5
940,941,5
941,942,3
942,943,3
943,944,5
944,945,5
945,946,5
946,947,1
947,948,5
948,949,5
949,950,5
950,951,3
951,952,5
952,953,5
953,954,5
954,955,3
955,956,5
956,957,5
957,958,5
958,959,3
959,960,5
960,961,5
961,962,5
962,963,5
963,964,5
964,965,3
965,966,5
966,967,5
967,968,5
968,969,5
969,970,5
970,971,3
971,972,5
972,973,5
973,974,5
974,975,1
975,976,5
976,977,3
977,978,5
978,979,5
979,980,3
980,981,5
981,982,3
982,983,5
983,984,5
984,985,5
985,986,5
986,987,5
987,988,5
988,989,5
989,990,5
990,991,5
991,992,5
992,993,5
993,994,3
994,995,5
995,996,5
996,997,5
997,998,3
998,999,3
999,1000,5
1000,1001,5
1001,1002,3
1002,1003,5
1003,1004,5
1004,1005,5
1005,1006,5
1006,1007,5
1007,1008,5
1008,1009,5
1009,1010,1
1010,1011,5
1011,1012,5
1012,1013,1
1013,1014,5
1014,1015,5
1015,1016,5
1016,1017,5
1017,1018,5
1018,1019,5
1019,1020,5
1020,1021,5
1021,1022,5
1022,1023,1
1023,1024,5
1024,1025,5
1025,1026,1
1026,1027,3
1027,1028,5
1028,1029,5
1029,1030,5
1030,1031,5
1031,1032,3
1032,1033,3
1033,1034,5
1034,1035,3
1035,1036,1
1036,1037,5
1037,1038,5
1038,1039,5
1039,1040,3
1040,1041,5
1041,1042,5
1042,1043,5
1043,1044,5
1044,1045,1
1045,1046,5
1046,1047,5
1047,1048,5
1048,1049,5
1049,1050,5
1050,1051,3
1051,1052,5
1052,1053,5
1053,1054,3
1054,1055,5
1055,1056,5
1056,1057,3
1057,1058,5
1058,1059,5
1059,1060,5
1060,1061,3
1061,1062,5
1062,1063,5
1063,1064,5
1064,1065,5
1065,1066,5
1066,1067,5
1067,1068,5
1068,1069,5
1069,1070,1
1070,1071,5
1071,1072,5
1072,1073,5
1073,1074,5
1074,1075,5
1075,1076,3
1076,1077,3
1077,1078,3
1078,1079,5
1079,1080,3
1080,1081,5
1081,1082,5
1082,1083,5
1083,1084,5
1084,1085,5
1085,1086,3
1086,1087,5
1087,1088,3
1088,1089,5
1089,1090,5
1090,1091,5
1091,1092,5
1092,1093,5
1093,1094,5
1094,1095,1
1095,1096,5
1096,1097,5
1097,1098,5
1098,1099,5
1099,1100,5
1100,1101,5
1101,1102,5
1102,1103,3
1103,1104,5
1104,1105,5
1105,1106,5
1106,1107,5
1107,1108,5
1108,1109,1
1109,1110,3
1110,1111,5
1111,1112,5
1112,1113,5
1113,1114,5
1114,1115,5
1115,1116,3
1116,1117,3
1117,1118,5
1118,1119,5
1119,1120,5
1120,1121,1
1121,1122,5
1122,1123,5
1123,1124,5
1124,1125,3
1125,1126,3
1126,1127,5
1127,1128,5
1128,1129,5
1129,1130,5
1130,1131,5
1131,1132,1
1132,1133,5
1133,1134,5
1134,1135,1
1135,1136,3
1136,1137,1
1137,1138,3
1138,1139,5
1139,1140,5
1140,1141,3
1141,1142,5
1142,1143,1
1143,1144,5
1144,1145,1
1145,1146,5
1146,1147,5
1147,1148,3
1148,1149,5
1149,1150,5
1150,1151,5
1151,1152,5
1152,1153,5
1153,1154,5
1154,1155,5
1155,1156,5
1156,1157,3
1157,1158,5
1158,1159,5
1159,1160,5
1160,1161,5
1161,1162,3
1162,1163,1
1163,1164,5
1164,1165,5
1165,1166,5
1166,1167,5
1167,1168,5
1168,1169,5
1169,1170,5
1170,1171,3
1171,1172,5
1172,1173,5
1173,1174,5
1174,1175,5
1175,1176,5
1176,1177,5
1177,1178,3
1178,1179,5
1179,1180,3
1180,1181,3
1181,1182,5
1182,1183,5
1183,1184,5
1184,1185,3
1185,1186,5
1186,1187,3
1187,1188,5
1188,1189,5
1189,1190,5
1190,1191,5
1191,1192,5
1192,1193,1
1193,1194,5
1194,1195,5
1195,1196,5
1196,1197,5
1197,1198,5
1198,1199,5
1199,1200,5
1200,1201,5
1201,1202,5
1202,1203,5
1203,1204,5
1204,1205,3
1205,1206,5
1206,1207,5
1207,1208,5
1208,1209,5
1209,1210,5
1210,1211,5
1211,1212,5
1212,1213,5
1213,1214,5
1214,1215,5
1215,1216,5
1216,1217,5
1217,1218,5
1218,1219,5
1219,1220,3
1220,1221,1
1221,1222,5
1222,1223,5
1223,1224,5
1224,1225,5
1225,1226,3
1226,1227,5
1227,1228,3
1228,1229,5
1229,1230,5
1230,1231,5
1231,1232,1
1232,1233,5
1233,1234,5
1234,1235,5
1235,1236,5
1236,1237,5
1237,1238,3
1238,1239,5
1239,1240,5
1240,1241,5
1241,1242,5
1242,1243,5
1243,1244,5
1244,1245,5
1245,1246,5
1246,1247,5
1247,1248,5
1248,1249,5
1249,1250,5
1250,1251,5
1251,1252,5
1252,1253,5
1253,1254,5
1254,1255,5
1255,1256,1
1256,1257,5
1257,1258,5
1258,1259,5
1259,1260,3
1260,1261,1
1261,1262,5
1262,1263,5
1263,1264,3
1264,1265,5
1265,1266,5
1266,1267,1
1267,1268,5
1268,1269,5
1269,1270,5
1270,1271,5
1271,1272,5
1272,1273,5
1273,1274,3
1274,1275,5
1275,1276,1
1276,1277,3
1277,1278,1
1278,1279,5
1279,1280,5
1280,1281,3
1281,1282,1
1282,1283,5
1283,1284,5
1284,1285,5
1285,1286,5
1286,1287,5
1287,1288,5
1288,1289,5
1289,1290,5
1290,1291,5
1291,1292,3
1292,1293,3
1293,1294,5
1294,1295,3
1295,1296,5
1296,1297,5
1297,1298,5
1298,1299,5
1299,1300,5
1300,1301,5
1301,1302,5
1302,1303,5
1303,1304,5
1304,1305,5
1305,1306,5
1306,1307,5
1307,1308,5
1308,1309,5
1309,1310,5
1310,1311,5
1311,1312,5
1312,1313,3
1313,1314,5
1314,1315,3
1315,1316,5
1316,1317,3
1317,1318,5
1318,1319,3
1319,1320,5
1320,1321,5
1321,1322,3
1322,1323,5
1323,1324,5
1324,1325,5
1325,1326,5
1326,1327,5
1327,1328,1
1328,1329,3
1329,1330,3
1330,1331,3
1331,1332,3
1332,1333,5
1333,1334,5
1334,1335,5
1335,1336,3
1336,1337,5
1337,1338,3
1338,1339,5
1339,1340,5
1340,1341,5
1341,1342,5
1342,1343,5
1343,1344,5
1344,1345,5
1345,1346,5
1346,1347,5
1347,1348,5
1348,1349,3
1349,1350,5
1350,1351,5
1351,1352,5
1352,1353,5
1353,1354,5
1354,1355,5
1355,1356,5
1356,1357,5
1357,1358,5
1358,1359,3
1359,1360,3
1360,1361,1
1361,1362,5
1362,1363,5
1363,1364,5
1364,1365,5
1365,1366,3
1366,1367,3
1367,1368,3
1368,1369,5
1369,1370,5
1370,1371,5
1371,1372,5
1372,1373,5
1373,1374,5
1374,1375,5
1375,1376,3
1376,1377,5
1377,1378,5
1378,1379,5
1379,1380,5
1380,1381,5
1381,1382,1
1382,1383,5
1383,1384,3
1384,1385,5
1385,1386,5
1386,1387,3
1387,1388,5
1388,1389,5
1389,1390,1
1390,1391,5
1391,1392,3
1392,1393,5
1393,1394,5
1394,1395,5
1395,1396,5
1396,1397,5
1397,1398,5
1398,1399,5
1399,1400,5
1400,1401,5
1401,1402,5
1402,1403,3
1403,1404,5
1404,1405,3
1405,1406,5
1406,1407,3
1407,1408,5
1408,1409,5
1409,1410,1
1410,1411,5
1411,1412,5
1412,1413,5
1413,1414,5
1414,1415,5
1415,1416,5
1416,1417,5
1417,1418,3
1418,1419,1
1419,1420,5
1420,1421,5
1421,1422,5
1422,1423,5
1423,1424,5
1424,1425,5
1425,1426,5
1426,1427,5
1427,1428,5
1428,1429,5
1429,1430,5
1430,1431,5
1431,1432,5
1432,1433,3
1433,1434,5
1434,1435,5
1435,1436,5
1436,1437,5
1437,1438,5
1438,1439,5
1439,1440,5
1440,1441,5
1441,1442,5
1442,1443,5
1443,1444,5
1444,1445,1
1445,1446,3
1446,1447,3
1447,1448,5
1448,1449,5
1449,1450,5
1450,1451,3
1451,1452,3
1452,1453,5
1453,1454,1
1454,1455,1
1455,1456,5
1456,1457,5
1457,1458,5
1458,1459,5
1459,1460,1
1460,1461,5
1461,1462,5
1462,1463,5
1463,1464,5
1464,1465,5
1465,1466,5
1466,1467,5
1467,1468,3
1468,1469,1
1469,1470,5
1470,1471,5
1471,1472,5
1472,1473,3
1473,1474,5
1474,1475,5
1475,1476,5
1476,1477,3
1477,1478,5
1478,1479,1
1479,1480,3
1480,1481,5
1481,1482,3
1482,1483,3
1483,1484,5
1484,1485,5
1485,1486,5
1486,1487,5
1487,1488,5
1488,1489,3
1489,1490,3
1490,1491,5
1491,1492,5
1492,1493,5
1493,1494,5
1494,1495,5
1495,1496,1
1496,1497,5
1497,1498,5
1498,1499,5
1499,1500,3
1500,1501,5
1501,1502,5
1502,1503,3
1503,1504,5
1504,1505,5
1505,1506,5
1506,1507,5
1507,1508,5
1508,1509,3
1509,1510,5
1510,1511,3
1511,1512,5
1512,1513,5
1513,1514,5
1514,1515,5
1515,1516,5
1516,1517,3
1517,1518,3
1518,1519,5
1519,1520,5
1520,1521,5
1521,1522,5
1522,1523,5
1523,1524,5
1524,1525,5
1525,1526,5
1526,1527,5
1527,1528,5
1528,1529,5
1529,1530,5
1530,1531,5
1531,1532,5
1532,1533,5
1533,1534,5
1534,1535,3
1535,1536,3
1536,1537,5
1537,1538,5
1538,1539,5
1539,1540,5
1540,1541,3
1541,1542,3
1542,1543,3
1543,1544,5
1544,1545,1
1545,1546,5
1546,1547,5
1547,1548,5
1548,1549,5
1549,1550,5
1550,1551,3
1551,1552,5
1552,1553,5
1553,1554,5
1554,1555,5
1555,1556,5
1556,1557,5
1557,1558,5
1558,1559,1
1559,1560,5
1560,1561,5
1561,1562,1
1562,1563,5
1563,1564,5
1564,1565,5
1565,1566,5
1566,1567,5
1567,1568,3
1568,1569,5
1569,1570,3
1570,1571,5
1571,1572,1
1572,1573,3
1573,1574,5
1574,1575,3
1575,1576,5
1576,1577,1
1577,1578,5
1578,1579,3
1579,1580,1
1580,1581,5
1581,1582,5
1582,1583,5
1583,1584,5
1584,1585,5
1585,1586,5
1586,1587,5
1587,1588,5
1588,1589,5
1589,1590,5
1590,1591,5
1591,1592,5
1592,1593,5
1593,1594,5
1594,1595,3
1595,1596,5
1596,1597,5
1597,1598,5
1598,1599,3
1599,1600,5
1600,1601,5
1601,1602,3
1602,1603,5
1603,1604,5
1604,1605,5
1605,1606,5
1606,1607,5
1607,1608,3
1608,1609,5
1609,1610,5
1610,1611,3
1611,1612,5
1612,1613,5
1613,1614,5
1614,1615,5
1615,1616,3
1616,1617,5
1617,1618,5
1618,1619,3
1619,1620,5
1620,1621,5
1621,1622,5
1622,1623,5
1623,1624,1
1624,1625,5
1625,1626,5
1626,1627,5
1627,1628,5
1628,1629,5
1629,1630,5
1630,1631,5
1631,1632,3
1632,1633,5
1633,1634,5
1634,1635,3
1635,1636,3
1636,1637,5
1637,1638,5
1638,1639,5
1639,1640,5
1640,1641,5
1641,1642,5
1642,1643,5
1643,1644,5
1644,1645,5
1645,1646,3
1646,1647,3
1647,1648,3
1648,1649,5
1649,1650,5
1650,1651,3
1651,1652,5
1652,1653,5
1653,1654,3
1654,1655,3
1655,1656,5
1656,1657,5
1657,1658,5
1658,1659,5
1659,1660,5
1660,1661,5
1661,1662,3
1662,1663,5
1663,1664,5
1664,1665,5
1665,1666,5
1666,1667,5
1667,1668,3
1668,1669,5
1669,1670,5
1670,1671,3
1671,1672,5
1672,1673,5
1673,1674,5
1674,1675,3
1675,1676,5
1676,1677,5
1677,1678,3
1678,1679,5
1679,1680,5
1680,1681,5
1681,1682,3
1682,1683,5
1683,1684,3
1684,1685,5
1685,1686,5
1686,1687,5
1687,1688,5
1688,1689,5
1689,1690,5
1690,1691,5
1691,1692,5
1692,1693,5
1693,1694,3
1694,1695,1
1695,1696,5
1696,1697,5
1697,1698,3
1698,1699,5
1699,1700,5
1700,1701,5
1701,1702,3
1702,1703,5
1703,1704,3
1704,1705,1
1705,1706,5
1706,1707,5
1707,1708,5
1708,1709,5
1709,1710,5
1710,1711,1
1711,1712,3
1712,1713,5
1713,1714,3
1714,1715,5
1715,1716,5
1716,1717,3
1717,1718,5
1718,1719,5
1719,1720,5
1720,1721,5
1721,1722,5
1722,1723,3
1723,1724,3
1724,1725,5
1725,1726,5
1726,1727,5
1727,1728,5
1728,1729,1
1729,1730,1
1730,1731,5
1731,1732,3
1732,1733,5
1733,1734,5
1734,1735,5
1735,1736,5
1736,1737,5
1737,1738,5
1738,1739,5
1739,1740,3
1740,1741,5
1741,1742,3
1742,1743,3
1743,1744,5
1744,1745,5
1745,1746,3
1746,1747,5
1747,1748,5
1748,1749,3
1749,1750,5
1750,1751,1
1751,1752,5
1752,1753,5
1753,1754,3
1754,1755,5
1755,1756,5
1756,1757,3
1757,1758,5
1758,1759,1
1759,1760,5
1760,1761,5
1761,1762,5
1762,1763,5
1763,1764,3
1764,1765,3
1765,1766,5
1766,1767,5
1767,1768,5
1768,1769,1
1769,1770,5
1770,1771,5
1771,1772,5
1772,1773,5
1773,1774,5
1774,1775,3
1775,1776,5
1776,1777,3
1777,1778,5
1778,1779,5
1779,1780,5
1780,1781,5
1781,1782,5
1782,1783,5
1783,1784,3
1784,1785,3
1785,1786,3
1786,1787,5
1787,1788,3
1788,1789,5
1789,1790,5
1790,1791,5
1791,1792,5
1792,1793,3
1793,1794,5
1794,1795,5
1795,1796,5
1796,1797,5
1797,1798,5
1798,1799,1
1799,1800,5
1800,1801,5
1801,1802,1
1802,1803,5
1803,1804,5
1804,1805,5
1805,1806,5
1806,1807,5
1807,1808,5
1808,1809,5
1809,1810,3
1810,1811,3
1811,1812,5
1812,1813,5
1813,1814,5
1814,1815,5
1815,1816,5
1816,1817,5
1817,1818,5
1818,1819,5
1819,1820,5
1820,1821,5
1821,1822,5
1822,1823,5
1823,1824,3
1824,1825,3
1825,1826,3
1826,1827,5
1827,1828,5
1828,1829,3
1829,1830,3
1830,1831,5
1831,1832,3
1832,1833,3
1833,1834,3
1834,1835,5
1835,1836,5
1836,1837,1
1837,1838,5
1838,1839,3
1839,1840,3
1840,1841,3
1841,1842,3
1842,1843,5
1843,1844,3
1844,1845,5
1845,1846,5
1846,1847,5
1847,1848,5
1848,1849,5
1849,1850,3
1850,1851,5
1851,1852,5
1852,1853,3
1853,1854,3
1854,1855,5
1855,1856,5
1856,1857,5
1857,1858,5
1858,1859,1
1859,1860,3
1860,1861,3
1861,1862,5
1862,1863,5
1863,1864,3
1864,1865,3
1865,1866,5
1866,1867,5
1867,1868,5
1868,1869,3
1869,1870,5
1870,1871,5
1871,1872,3
1872,1873,5
1873,1874,5
1874,1875,5
1875,1876,3
1876,1877,5
1877,1878,5
1878,1879,5
1879,1880,5
1880,1881,5
1881,1882,3
1882,1883,5
1883,1884,1
1884,1885,3
1885,1886,5
1886,1887,5
1887,1888,5
1888,1889,3
1889,1890,5
1890,1891,3
1891,1892,3
1892,1893,5
1893,1894,3
1894,1895,3
1895,1896,5
1896,1897,3
1897,1898,3
1898,1899,3
1899,1900,3
1900,1901,3
1901,1902,5
1902,1903,5
1903,1904,5
1904,1905,1
1905,1906,5
1906,1907,5
1907,1908,5
1908,1909,5
1909,1910,5
1910,1911,5
1911,1912,5
1912,1913,3
1913,1914,5
1914,1915,5
1915,1916,3
1916,1917,5
1917,1918,5
1918,1919,5
1919,1920,5
1920,1921,5
1921,1922,5
1922,1923,1
1923,1924,5
1924,1925,5
1925,1926,5
1926,1927,5
1927,1928,5
1928,1929,3
1929,1930,5
1930,1931,5
1931,1932,5
1932,1933,5
1933,1934,5
1934,1935,5
1935,1936,5
1936,1937,3
1937,1938,5
1938,1939,5
1939,1940,1
1940,1941,5
1941,1942,5
1942,1943,5
1943,1944,5
1944,1945,5
1945,1946,5
1946,1947,1
1947,1948,3
1948,1949,5
1949,1950,5
1950,1951,5
1951,1952,5
1952,1953,5
1953,1954,5
1954,1955,5
1955,1956,5
1956,1957,5
1957,1958,5
1958,1959,3
1959,1960,5
1960,1961,5
1961,1962,5
1962,1963,3
1963,1964,5
1964,1965,3
1965,1966,5
1966,1967,5
1967,1968,3
1968,1969,5
1969,1970,3
1970,1971,5
1971,1972,5
1972,1973,5
1973,1974,5
1974,1975,5
1975,1976,3
1976,1977,5
1977,1978,5
1978,1979,5
1979,1980,5
1980,1981,5
1981,1982,5
1982,1983,5
1983,1984,5
1984,1985,5
1985,1986,5
1986,1987,5
1987,1988,5
1988,1989,5
1989,1990,5
1990,1991,3
1991,1992,5
1992,1993,5
1993,1994,5
1994,1995,5
1995,1996,5
1996,1997,5
1997,1998,5
1998,1999,5
1999,2000,5
2000,2001,5
2001,2002,3
2002,2003,1
2003,2004,5
2004,2005,5
2005,2006,5
2006,2007,5
2007,2008,5
2008,2009,5
2009,2010,3
2010,2011,5
2011,2012,5
2012,2013,1
2013,2014,5
2014,2015,5
2015,2016,5
2016,2017,5
2017,2018,3
2018,2019,1
2019,2020,5
2020,2021,3
2021,2022,5
2022,2023,3
2023,2024,5
2024,2025,5
2025,2026,5
2026,2027,5
2027,2028,3
2028,2029,5
2029,2030,3
2030,2031,5
2031,2032,5
2032,2033,5
2033,2034,5
2034,2035,5
2035,2036,5
2036,2037,5
2037,2038,5
2038,2039,5
2039,2040,1
2040,2041,5
2041,2042,1
2042,2043,1
2043,2044,3
2044,2045,5
2045,2046,5
2046,2047,1
2047,2048,5
2048,2049,3
2049,2050,5
2050,2051,5
2051,2052,5
2052,2053,5
2053,2054,5
2054,2055,5
2055,2056,5
2056,2057,5
2057,2058,5
2058,2059,3
2059,2060,3
2060,2061,5
2061,2062,3
2062,2063,5
2063,2064,5
2064,2065,5
2065,2066,5
2066,2067,5
2067,2068,5
2068,2069,5
2069,2070,5
2070,2071,5
2071,2072,3
2072,2073,3
2073,2074,5
2074,2075,5
2075,2076,5
2076,2077,5
2077,2078,5
2078,2079,5
2079,2080,3
2080,2081,3
2081,2082,3
2082,2083,5
2083,2084,1
2084,2085,3
2085,2086,5
2086,2087,3
2087,2088,5
2088,2089,5
2089,2090,5
2090,2091,3
2091,2092,5
2092,2093,1
2093,2094,5
2094,2095,5
2095,2096,5
2096,2097,5
2097,2098,3
2098,2099,5
2099,2100,5
2100,2101,5
2101,2102,5
2102,2103,5
2103,2104,3
2104,2105,5
2105,2106,5
2106,2107,5
2107,2108,1
2108,2109,5
2109,2110,5
2110,2111,5
2111,2112,5
2112,2113,3
2113,2114,5
2114,2115,3
2115,2116,5
2116,2117,1
2117,2118,1
2118,2119,5
2119,2120,3
2120,2121,1
2121,2122,5
2122,2123,5
2123,2124,1
2124,2125,5
2125,2126,5
2126,2127,5
2127,2128,5
2128,2129,3
2129,2130,5
2130,2131,5
2131,2132,5
2132,2133,5
2133,2134,5
2134,2135,3
2135,2136,3
2136,2137,3
2137,2138,3
2138,2139,5
2139,2140,5
2140,2141,3
2141,2142,5
2142,2143,5
2143,2144,5
2144,2145,3
2145,2146,3
2146,2147,5
2147,2148,5
2148,2149,5
2149,2150,5
2150,2151,1
2151,2152,3
2152,2153,5
2153,2154,5
2154,2155,3
2155,2156,5
2156,2157,5
2157,2158,3
2158,2159,3
2159,2160,5
2160,2161,1
2161,2162,5
2162,2163,1
2163,2164,5
2164,2165,5
2165,2166,5
2166,2167,5
2167,2168,5
2168,2169,5
2169,2170,3
2170,2171,3
2171,2172,3
2172,2173,5
2173,2174,3
2174,2175,5
2175,2176,5
2176,2177,3
2177,2178,5
2178,2179,3
2179,2180,5
2180,2181,5
2181,2182,5
2182,2183,5
2183,2184,5
2184,2185,5
2185,2186,5
2186,2187,5
2187,2188,5
2188,2189,5
2189,2190,5
2190,2191,5
2191,2192,5
2192,2193,5
2193,2194,5
2194,2195,5
2195,2196,5
2196,2197,5
2197,2198,5
2198,2199,5
2199,2200,3
2200,2201,5
2201,2202,5
2202,2203,3
2203,2204,5
2204,2205,5
2205,2206,5
2206,2207,5
2207,2208,5
2208,2209,3
2209,2210,5
2210,2211,3
2211,2212,3
2212,2213,5
2213,2214,3
2214,2215,5
2215,2216,3
2216,2217,5
2217,2218,1
2218,2219,5
2219,2220,5
2220,2221,3
2221,2222,3
2222,2223,5
2223,2224,1
2224,2225,3
2225,2226,5
2226,2227,5
2227,2228,5
2228,2229,5
2229,2230,5
2230,2231,5
2231,2232,5
2232,2233,1
2233,2234,5
2234,2235,3
2235,2236,3
2236,2237,5
2237,2238,5
2238,2239,5
2239,2240,5
2240,2241,5
2241,2242,3
2242,2243,5
2243,2244,5
2244,2245,3
2245,2246,5
2246,2247,3
2247,2248,5
2248,2249,5
2249,2250,5
2250,2251,5
2251,2252,5
2252,2253,5
2253,2254,5
2254,2255,5
2255,2256,5
2256,2257,5
2257,2258,5
2258,2259,5
2259,2260,5
2260,2261,3
2261,2262,5
2262,2263,5
2263,2264,5
2264,2265,1
2265,2266,5
2266,2267,5
2267,2268,5
2268,2269,5
2269,2270,5
2270,2271,5
2271,2272,5
2272,2273,5
2273,2274,1
2274,2275,5
2275,2276,1
2276,2277,5
2277,2278,1
2278,2279,5
2279,2280,3
2280,2281,5
2281,2282,5
2282,2283,5
2283,2284,3
2284,2285,5
2285,2286,5
2286,2287,3
2287,2288,3
2288,2289,3
2289,2290,5
2290,2291,5
2291,2292,5
2292,2293,1
2293,2294,5
2294,2295,5
2295,2296,3
2296,2297,5
2297,2298,5
2298,2299,5
2299,2300,5
2300,2301,3
2301,2302,5
2302,2303,5
2303,2304,1
2304,2305,5
2305,2306,5
2306,2307,5
2307,2308,3
2308,2309,5
2309,2310,5
2310,2311,1
2311,2312,5
2312,2313,3
2313,2314,5
2314,2315,1
2315,2316,5
2316,2317,5
2317,2318,5
2318,2319,5
2319,2320,5
2320,2321,5
2321,2322,5
2322,2323,5
2323,2324,5
2324,2325,5
2325,2326,5
2326,2327,5
2327,2328,1
2328,2329,1
2329,2330,5
2330,2331,5
2331,2332,5
2332,2333,3
2333,2334,5
2334,2335,3
2335,2336,3
2336,2337,5
2337,2338,5
2338,2339,5
2339,2340,5
2340,2341,3
2341,2342,5
2342,2343,1
2343,2344,5
2344,2345,5
2345,2346,5
2346,2347,5
2347,2348,3
2348,2349,5
2349,2350,5
2350,2351,5
2351,2352,5
2352,2353,5
2353,2354,5
2354,2355,5
2355,2356,5
2356,2357,5
2357,2358,5
2358,2359,5
2359,2360,5
2360,2361,5
2361,2362,5
2362,2363,5
2363,2364,3
2364,2365,5
2365,2366,5
2366,2367,5
2367,2368,3
2368,2369,3
2369,2370,1
2370,2371,3
2371,2372,5
2372,2373,5
2373,2374,5
2374,2375,5
2375,2376,5
2376,2377,5
2377,2378,3
2378,2379,5
2379,2380,5
2380,2381,5
2381,2382,3
2382,2383,5
2383,2384,3
2384,2385,5
2385,2386,5
2386,2387,5
2387,2388,5
2388,2389,5
2389,2390,5
2390,2391,5
2391,2392,5
2392,2393,5
2393,2394,3
2394,2395,5
2395,2396,5
2396,2397,1
2397,2398,5
2398,2399,5
2399,2400,5
2400,2401,3
2401,2402,3
2402,2403,5
2403,2404,5
2404,2405,1
2405,2406,5
2406,2407,5
2407,2408,3
2408,2409,5
2409,2410,5
2410,2411,5
2411,2412,5
2412,2413,5
2413,2414,3
2414,2415,5
2415,2416,5
2416,2417,5
2417,2418,1
2418,2419,3
2419,2420,5
2420,2421,5
2421,2422,3
2422,2423,3
2423,2424,3
2424,2425,5
2425,2426,5
2426,2427,5
2427,2428,5
2428,2429,5
2429,2430,3
2430,2431,1
2431,2432,5
2432,2433,5
2433,2434,5
2434,2435,3
2435,2436,5
2436,2437,5
2437,2438,3
2438,2439,3
2439,2440,5
2440,2441,5
2441,2442,5
2442,2443,5
2443,2444,5
2444,2445,5
2445,2446,5
2446,2447,3
2447,2448,3
2448,2449,5
2449,2450,5
2450,2451,5
2451,2452,5
2452,2453,3
2453,2454,1
2454,2455,5
2455,2456,5
2456,2457,5
2457,2458,3
2458,2459,5
2459,2460,5
2460,2461,5
2461,2462,5
2462,2463,1
2463,2464,5
2464,2465,5
2465,2466,3
2466,2467,1
2467,2468,5
2468,2469,3
2469,2470,5
2470,2471,3
2471,2472,1
2472,2473,1
2473,2474,5
2474,2475,5
2475,2476,5
2476,2477,5
2477,2478,5
2478,2479,5
2479,2480,5
2480,2481,3
2481,2482,5
2482,2483,5
2483,2484,5
2484,2485,5
2485,2486,5
2486,2487,5
2487,2488,5
2488,2489,5
2489,2490,5
2490,2491,5
2491,2492,5
2492,2493,5
2493,2494,5
2494,2495,5
2495,2496,5
2496,2497,5
2497,2498,5
2498,2499,3
2499,2500,5
2500,2501,5
2501,2502,5
2502,2503,5
2503,2504,5
2504,2505,5
2505,2506,5
2506,2507,1
2507,2508,5
2508,2509,3
2509,2510,1
2510,2511,5
2511,2512,5
2512,2513,5
2513,2514,5
2514,2515,3
2515,2516,3
2516,2517,5
2517,2518,5
2518,2519,5
2519,2520,5
2520,2521,3
2521,2522,5
2522,2523,5
2523,2524,1
2524,2525,5
2525,2526,5
2526,2527,5
2527,2528,5
2528,2529,1
2529,2530,5
2530,2531,5
2531,2532,5
2532,2533,5
2533,2534,3
2534,2535,5
2535,2536,5
2536,2537,1
2537,2538,1
2538,2539,5
2539,2540,5
2540,2541,5
2541,2542,5
2542,2543,5
2543,2544,5
2544,2545,5
2545,2546,5
2546,2547,5
2547,2548,3
2548,2549,5
2549,2550,5
2550,2551,3
2551,2552,5
2552,2553,5
2553,2554,5
2554,2555,5
2555,2556,5
2556,2557,5
2557,2558,5
2558,2559,5
2559,2560,5
2560,2561,1
2561,2562,5
2562,2563,5
2563,2564,5
2564,2565,5
2565,2566,3
2566,2567,5
2567,2568,5
2568,2569,5
2569,2570,5
2570,2571,5
2571,2572,5
2572,2573,5
2573,2574,3
2574,2575,5
2575,2576,3
2576,2577,5
2577,2578,5
2578,2579,5
2579,2580,5
2580,2581,5
2581,2582,5
2582,2583,5
2583,2584,1
2584,2585,5
2585,2586,5
2586,2587,5
2587,2588,5
2588,2589,5
2589,2590,5
2590,2591,5
2591,2592,5
2592,2593,5
2593,2594,5
2594,2595,5
2595,2596,5
2596,2597,5
2597,2598,5
2598,2599,5
2599,2600,3
2600,2601,5
2601,2602,5
2602,2603,5
2603,2604,5
2604,2605,3
2605,2606,5
2606,2607,5
2607,2608,5
2608,2609,5
2609,2610,5
2610,2611,5
2611,2612,5
2612,2613,3
2613,2614,5
2614,2615,3
2615,2616,5
2616,2617,5
2617,2618,5
2618,2619,5
2619,2620,5
2620,2621,5
2621,2622,3
2622,2623,5
2623,2624,5
2624,2625,5
2625,2626,5
2626,2627,5
2627,2628,5
2628,2629,5
2629,2630,3
2630,2631,5
2631,2632,5
2632,2633,5
2633,2634,5
2634,2635,3
2635,2636,5
2636,2637,3
2637,2638,3
2638,2639,5
2639,2640,5
2640,2641,5
2641,2642,5
2642,2643,3
2643,2644,5
2644,2645,5
2645,2646,5
2646,2647,5
2647,2648,1
2648,2649,5
2649,2650,1
2650,2651,5
2651,2652,5
2652,2653,3
2653,2654,5
2654,2655,1
2655,2656,3
2656,2657,5
2657,2658,3
2658,2659,5
2659,2660,5
2660,2661,5
2661,2662,1
2662,2663,5
2663,2664,5
2664,2665,3
2665,2666,5
2666,2667,5
2667,2668,5
2668,2669,5
2669,2670,5
2670,2671,5
2671,2672,5
2672,2673,5
2673,2674,1
2674,2675,3
2675,2676,5
2676,2677,5
2677,2678,5
2678,2679,5
2679,2680,5
2680,2681,5
2681,2682,5
2682,2683,5
2683,2684,5
2684,2685,5
2685,2686,5
2686,2687,3
2687,2688,5
2688,2689,5
2689,2690,3
2690,2691,5
2691,2692,1
2692,2693,1
2693,2694,3
2694,2695,3
2695,2696,5
2696,2697,5
2697,2698,3
2698,2699,5
2699,2700,5
2700,2701,5
2701,2702,5
2702,2703,3
2703,2704,3
2704,2705,1
2705,2706,5
2706,2707,5
2707,2708,5
2708,2709,3
2709,2710,5
2710,2711,3
2711,2712,3
2712,2713,3
2713,2714,5
2714,2715,5
2715,2716,5
2716,2717,5
2717,2718,1
2718,2719,1
2719,2720,3
2720,2721,3
2721,2722,5
2722,2723,5
2723,2724,3
2724,2725,3
2725,2726,1
2726,2727,5
2727,2728,5
2728,2729,3
2729,2730,5
2730,2731,5
2731,2732,3
2732,2733,5
2733,2734,5
2734,2735,3
2735,2736,3
2736,2737,5
2737,2738,5
2738,2739,5
2739,2740,5
2740,2741,3
2741,2742,3
2742,2743,5
2743,2744,1
2744,2745,5
2745,2746,5
2746,2747,5
2747,2748,5
2748,2749,5
2749,2750,3
2750,2751,5
2751,2752,5
2752,2753,5
2753,2754,5
2754,2755,5
2755,2756,3
2756,2757,5
2757,2758,3
2758,2759,5
2759,2760,5
2760,2761,5
2761,2762,5
2762,2763,3
2763,2764,5
2764,2765,5
2765,2766,5
2766,2767,1
2767,2768,3
2768,2769,5
2769,2770,1
2770,2771,5
2771,2772,5
2772,2773,5
2773,2774,5
2774,2775,1
2775,2776,5
2776,2777,5
2777,2778,5
2778,2779,5
2779,2780,5
2780,2781,5
2781,2782,5
2782,2783,5
2783,2784,5
2784,2785,5
2785,2786,3
2786,2787,5
2787,2788,5
2788,2789,1
2789,2790,5
2790,2791,5
2791,2792,5
2792,2793,5
2793,2794,5
2794,2795,5
2795,2796,3
2796,2797,3
2797,2798,5
2798,2799,3
2799,2800,5
2800,2801,5
2801,2802,5
2802,2803,5
2803,2804,5
2804,2805,3
2805,2806,5
2806,2807,1
2807,2808,3
2808,2809,5
2809,2810,3
2810,2811,5
2811,2812,5
2812,2813,5
2813,2814,5
2814,2815,3
2815,2816,5
2816,2817,1
2817,2818,5
2818,2819,3
2819,2820,3
2820,2821,5
2821,2822,5
2822,2823,5
2823,2824,5
2824,2825,5
2825,2826,5
2826,2827,5
2827,2828,5
2828,2829,5
2829,2830,3
2830,2831,5
2831,2832,1
2832,2833,5
2833,2834,5
2834,2835,5
2835,2836,5
2836,2837,5
2837,2838,5
2838,2839,5
2839,2840,1
2840,2841,3
2841,2842,5
2842,2843,5
2843,2844,3
2844,2845,5
2845,2846,5
2846,2847,5
2847,2848,5
2848,2849,5
2849,2850,1
2850,2851,5
2851,2852,5
2852,2853,5
2853,2854,3
2854,2855,3
2855,2856,5
2856,2857,5
2857,2858,5
2858,2859,5
2859,2860,5
2860,2861,5
2861,2862,5
2862,2863,5
2863,2864,5
2864,2865,5
2865,2866,5
2866,2867,5
2867,2868,5
2868,2869,3
2869,2870,3
2870,2871,1
2871,2872,5
2872,2873,5
2873,2874,5
2874,2875,5
2875,2876,5
2876,2877,5
2877,2878,5
2878,2879,5
2879,2880,3
2880,2881,5
2881,2882,5
2882,2883,5
2883,2884,3
2884,2885,3
2885,2886,5
2886,2887,5
2887,2888,5
2888,2889,1
2889,2890,3
2890,2891,5
2891,2892,5
2892,2893,3
2893,2894,5
2894,2895,5
2895,2896,5
2896,2897,5
2897,2898,5
2898,2899,5
2899,2900,5
2900,2901,5
2901,2902,5
2902,2903,5
2903,2904,3
2904,2905,5
2905,2906,5
2906,2907,5
2907,2908,5
2908,2909,5
2909,2910,5
2910,2911,5
2911,2912,5
2912,2913,5
2913,2914,1
2914,2915,5
2915,2916,5
2916,2917,5
2917,2918,5
2918,2919,5
2919,2920,5
2920,2921,3
2921,2922,5
2922,2923,5
2923,2924,3
2924,2925,5
2925,2926,5
2926,2927,5
2927,2928,5
2928,2929,1
2929,2930,5
2930,2931,3
2931,2932,3
2932,2933,5
2933,2934,5
2934,2935,5
2935,2936,5
2936,2937,5
2937,2938,3
2938,2939,5
2939,2940,1
2940,2941,5
2941,2942,5
2942,2943,5
2943,2944,1
2944,2945,5
2945,2946,5
2946,2947,5
2947,2948,5
2948,2949,5
2949,2950,5
2950,2951,5
2951,2952,5
2952,2953,5
2953,2954,5
2954,2955,3
2955,2956,5
2956,2957,5
2957,2958,5
2958,2959,1
2959,2960,3
2960,2961,3
2961,2962,5
2962,2963,5
2963,2964,3
2964,2965,3
2965,2966,5
2966,2967,5
2967,2968,5
2968,2969,5
2969,2970,5
2970,2971,5
2971,2972,5
2972,2973,5
2973,2974,5
2974,2975,3
2975,2976,5
2976,2977,5
2977,2978,5
2978,2979,5
2979,2980,5
2980,2981,3
2981,2982,1
2982,2983,5
2983,2984,5
2984,2985,5
2985,2986,5
2986,2987,5
2987,2988,5
2988,2989,5
2989,2990,5
2990,2991,5
2991,2992,5
2992,2993,5
2993,2994,5
2994,2995,3
2995,2996,5
2996,2997,5
2997,2998,5
2998,2999,5
2999,3000,5
3000,3001,5
3001,3002,5
3002,3003,3
3003,3004,5
3004,3005,3
3005,3006,5
3006,3007,5
3007,3008,3
3008,3009,5
3009,3010,3
3010,3011,5
3011,3012,3
3012,3013,5
3013,3014,3
3014,3015,5
3015,3016,3
3016,3017,1
3017,3018,1
3018,3019,3
3019,3020,5
3020,3021,5
3021,3022,3
3022,3023,3
3023,3024,5
3024,3025,3
3025,3026,1
3026,3027,5
3027,3028,3
3028,3029,5
3029,3030,1
3030,3031,5
3031,3032,5
3032,3033,5
3033,3034,5
3034,3035,5
3035,3036,3
3036,3037,5
3037,3038,5
3038,3039,1
3039,3040,5
3040,3041,5
3041,3042,5
3042,3043,3
3043,3044,5
3044,3045,3
3045,3046,5
3046,3047,5
3047,3048,3
3048,3049,5
3049,3050,5
3050,3051,5
3051,3052,3
3052,3053,3
3053,3054,5
3054,3055,5
3055,3056,3
3056,3057,5
3057,3058,5
3058,3059,5
3059,3060,5
3060,3061,3
3061,3062,5
3062,3063,5
3063,3064,3
3064,3065,5
3065,3066,5
3066,3067,5
3067,3068,3
3068,3069,5
3069,3070,5
3070,3071,5
3071,3072,5
3072,3073,5
3073,3074,5
3074,3075,3
3075,3076,5
3076,3077,5
3077,3078,5
3078,3079,5
3079,3080,5
3080,3081,5
3081,3082,5
3082,3083,5
3083,3084,5
3084,3085,5
3085,3086,5
3086,3087,5
3087,3088,5
3088,3089,5
3089,3090,5
3090,3091,5
3091,3092,5
3092,3093,5
3093,3094,5
3094,3095,3
3095,3096,5
3096,3097,5
3097,3098,5
3098,3099,1
3099,3100,3
3100,3101,5
3101,3102,3
3102,3103,5
3103,3104,3
3104,3105,5
3105,3106,5
3106,3107,3
3107,3108,3
3108,3109,5
3109,3110,3
3110,3111,5
3111,3112,5
3112,3113,5
3113,3114,5
3114,3115,5
3115,3116,3
3116,3117,3
3117,3118,5
3118,3119,3
3119,3120,5
3120,3121,3
3121,3122,1
3122,3123,3
3123,3124,3
3124,3125,5
3125,3126,5
3126,3127,5
3127,3128,5
3128,3129,3
3129,3130,5
3130,3131,5
3131,3132,5
3132,3133,5
3133,3134,5
3134,3135,5
3135,3136,5
3136,3137,5
3137,3138,5
3138,3139,3
3139,3140,3
3140,3141,5
3141,3142,3
3142,3143,1
3143,3144,5
3144,3145,5
3145,3146,5
3146,3147,5
3147,3148,5
3148,3149,3
3149,3150,1
3150,3151,5
3151,3152,3
3152,3153,3
3153,3154,1
3154,3155,3
3155,3156,5
3156,3157,3
3157,3158,5
3158,3159,3
3159,3160,1
3160,3161,5
3161,3162,5
3162,3163,5
3163,3164,3
3164,3165,5
3165,3166,5
3166,3167,1
3167,3168,1
3168,3169,5
3169,3170,3
3170,3171,5
3171,3172,3
3172,3173,5
3173,3174,5
3174,3175,3
3175,3176,5
3176,3177,3
3177,3178,5
3178,3179,5
3179,3180,3
3180,3181,5
3181,3182,3
3182,3183,3
3183,3184,3
3184,3185,5
3185,3186,5
3186,3187,5
3187,3188,5
3188,3189,5
3189,3190,5
3190,3191,5
3191,3192,5
3192,3193,5
3193,3194,1
3194,3195,5
3195,3196,5
3196,3197,3
3197,3198,5
3198,3199,3
3199,3200,5
3200,3201,5
3201,3202,5
3202,3203,5
3203,3204,5
3204,3205,5
3205,3206,5
3206,3207,3
3207,3208,5
3208,3209,3
3209,3210,3
3210,3211,5
3211,3212,3
3212,3213,3
3213,3214,5
3214,3215,3
3215,3216,1
3216,3217,5
3217,3218,1
3218,3219,5
3219,3220,3
3220,3221,5
3221,3222,5
3222,3223,3
3223,3224,5
3224,3225,5
3225,3226,5
3226,3227,5
3227,3228,5
3228,3229,3
3229,3230,5
3230,3231,5
3231,3232,5
3232,3233,5
3233,3234,5
3234,3235,5
3235,3236,5
3236,3237,5
3237,3238,3
3238,3239,3
3239,3240,5
3240,3241,5
3241,3242,5
3242,3243,5
3243,3244,5
3244,3245,3
3245,3246,5
3246,3247,3
3247,3248,5
3248,3249,5
3249,3250,3
3250,3251,5
3251,3252,5
3252,3253,5
3253,3254,3
3254,3255,5
3255,3256,3
3256,3257,3
3257,3258,5
3258,3259,5
3259,3260,5
3260,3261,5
3261,3262,5
3262,3263,5
3263,3264,5
3264,3265,5
3265,3266,5
3266,3267,5
3267,3268,3
3268,3269,5
3269,3270,5
3270,3271,5
3271,3272,5
3272,3273,5
3273,3274,5
3274,3275,3
3275,3276,3
3276,3277,3
3277,3278,5
3278,3279,5
3279,3280,3
3280,3281,5
3281,3282,5
3282,3283,5
3283,3284,5
3284,3285,5
3285,3286,5
3286,3287,5
3287,3288,5
3288,3289,3
3289,3290,3
3290,3291,5
3291,3292,5
3292,3293,5
3293,3294,5
3294,3295,3
3295,3296,5
3296,3297,5
3297,3298,5
3298,3299,3
3299,3300,5
3300,3301,5
3301,3302,5
3302,3303,3
3303,3304,5
3304,3305,5
3305,3306,5
3306,3307,3
3307,3308,3
3308,3309,5
3309,3310,1
3310,3311,5
3311,3312,3
3312,3313,5
3313,3314,5
3314,3315,5
3315,3316,5
3316,3317,3
3317,3318,3
3318,3319,5
3319,3320,5
3320,3321,5
3321,3322,5
3322,3323,5
3323,3324,3
3324,3325,5
3325,3326,5
3326,3327,5
3327,3328,5
3328,3329,5
3329,3330,5
3330,3331,3
3331,3332,5
3332,3333,1
3333,3334,5
3334,3335,5
3335,3336,5
3336,3337,3
3337,3338,1
3338,3339,5
3339,3340,1
3340,3341,5
3341,3342,5
3342,3343,5
3343,3344,5
3344,3345,5
3345,3346,5
3346,3347,5
3347,3348,3
3348,3349,5
3349,3350,5
3350,3351,3
3351,3352,5
3352,3353,5
3353,3354,5
3354,3355,1
3355,3356,5
3356,3357,5
3357,3358,5
3358,3359,3
3359,3360,5
3360,3361,5
3361,3362,5
3362,3363,5
3363,3364,1
3364,3365,5
3365,3366,5
3366,3367,5
3367,3368,1
3368,3369,5
3369,3370,5
3370,3371,5
3371,3372,5
3372,3373,5
3373,3374,5
3374,3375,5
3375,3376,5
3376,3377,5
3377,3378,5
3378,3379,3
3379,3380,3
3380,3381,5
3381,3382,5
3382,3383,5
3383,3384,5
3384,3385,5
3385,3386,5
3386,3387,5
3387,3388,5
3388,3389,5
3389,3390,5
3390,3391,3
3391,3392,5
3392,3393,5
3393,3394,5
3394,3395,5
3395,3396,5
3396,3397,3
3397,3398,1
3398,3399,5
3399,3400,5
3400,3401,5
3401,3402,5
3402,3403,5
3403,3404,5
3404,3405,5
3405,3406,5
3406,3407,3
3407,3408,5
3408,3409,5
3409,3410,5
3410,3411,5
3411,3412,5
3412,3413,3
3413,3414,5
3414,3415,3
3415,3416,1
3416,3417,5
3417,3418,5
3418,3419,5
3419,3420,5
3420,3421,3
3421,3422,1
3422,3423,5
3423,3424,3
3424,3425,5
3425,3426,5
3426,3427,5
3427,3428,5
3428,3429,5
3429,3430,5
3430,3431,1
3431,3432,5
3432,3433,5
3433,3434,3
3434,3435,5
3435,3436,1
3436,3437,5
3437,3438,3
3438,3439,5
3439,3440,3
3440,3441,5
3441,3442,5
3442,3443,5
3443,3444,5
3444,3445,5
3445,3446,5
3446,3447,3
3447,3448,3
3448,3449,5
3449,3450,5
3450,3451,3
3451,3452,5
3452,3453,5
3453,3454,5
3454,3455,3
3455,3456,5
3456,3457,5
3457,3458,1
3458,3459,5
3459,3460,5
3460,3461,3
3461,3462,5
3462,3463,5
3463,3464,5
3464,3465,5
3465,3466,3
3466,3467,5
3467,3468,5
3468,3469,5
3469,3470,5
3470,3471,3
3471,3472,3
3472,3473,5
3473,3474,5
3474,3475,5
3475,3476,5
3476,3477,5
3477,3478,5
3478,3479,5
3479,3480,5
3480,3481,3
3481,3482,5
3482,3483,3
3483,3484,5
3484,3485,5
3485,3486,1
3486,3487,5
3487,3488,3
3488,3489,5
3489,3490,5
3490,3491,3
3491,3492,5
3492,3493,5
3493,3494,5
3494,3495,5
3495,3496,5
3496,3497,5
3497,3498,5
3498,3499,1
3499,3500,5
3500,3501,5
3501,3502,3
3502,3503,1
3503,3504,5
3504,3505,5
3505,3506,5
3506,3507,5
3507,3508,5
3508,3509,5
3509,3510,3
3510,3511,1
3511,3512,5
3512,3513,5
3513,3514,5
3514,3515,5
3515,3516,3
3516,3517,5
3517,3518,5
3518,3519,5
3519,3520,5
3520,3521,5
3521,3522,5
3522,3523,3
3523,3524,5
3524,3525,5
3525,3526,5
3526,3527,5
3527,3528,5
3528,3529,5
3529,3530,1
3530,3531,5
3531,3532,5
3532,3533,5
3533,3534,5
3534,3535,5
3535,3536,1
3536,3537,3
3537,3538,3
3538,3539,5
3539,3540,5
3540,3541,5
3541,3542,3
3542,3543,5
3543,3544,3
3544,3545,5
3545,3546,5
3546,3547,5
3547,3548,5
3548,3549,5
3549,3550,3
3550,3551,3
3551,3552,3
3552,3553,5
3553,3554,1
3554,3555,5
3555,3556,5
3556,3557,5
3557,3558,1
3558,3559,5
3559,3560,5
3560,3561,3
3561,3562,5
3562,3563,5
3563,3564,5
3564,3565,5
3565,3566,3
3566,3567,3
3567,3568,5
3568,3569,3
3569,3570,5
3570,3571,3
3571,3572,5
3572,3573,5
3573,3574,5
3574,3575,5
3575,3576,3
3576,3577,5
3577,3578,5
3578,3579,5
3579,3580,5
3580,3581,5
3581,3582,5
3582,3583,1
3583,3584,3
3584,3585,5
3585,3586,5
3586,3587,3
3587,3588,5
3588,3589,3
3589,3590,5
3590,3591,5
3591,3592,5
3592,3593,3
3593,3594,1
3594,3595,3
3595,3596,3
3596,3597,5
3597,3598,5
3598,3599,5
3599,3600,5
3600,3601,5
3601,3602,3
3602,3603,5
3603,3604,5
3604,3605,5
3605,3606,5
3606,3607,3
3607,3608,5
3608,3609,5
3609,3610,3
3610,3611,5
3611,3612,5
3612,3613,5
3613,3614,3
3614,3615,3
3615,3616,3
3616,3617,5
3617,3618,5
3618,3619,5
3619,3620,5
3620,3621,3
3621,3622,5
3622,3623,5
3623,3624,5
3624,3625,5
3625,3626,5
3626,3627,3
3627,3628,5
3628,3629,5
3629,3630,5
3630,3631,5
3631,3632,5
3632,3633,3
3633,3634,5
3634,3635,5
3635,3636,1
3636,3637,5
3637,3638,5
3638,3639,3
3639,3640,5
3640,3641,3
3641,3642,5
3642,3643,5
3643,3644,3
3644,3645,3
3645,3646,5
3646,3647,5
3647,3648,5
3648,3649,5
3649,3650,5
3650,3651,5
3651,3652,3
3652,3653,5
3653,3654,3
3654,3655,5
3655,3656,5
3656,3657,5
3657,3658,5
3658,3659,3
3659,3660,5
3660,3661,3
3661,3662,5
3662,3663,1
3663,3664,5
3664,3665,5
3665,3666,3
3666,3667,5
3667,3668,3
3668,3669,1
3669,3670,5
3670,3671,5
3671,3672,5
3672,3673,5
3673,3674,1
3674,3675,5
3675,3676,5
3676,3677,3
3677,3678,3
3678,3679,5
3679,3680,3
3680,3681,5
3681,3682,5
3682,3683,5
3683,3684,5
3684,3685,5
3685,3686,5
3686,3687,5
3687,3688,5
3688,3689,5
3689,3690,5
3690,3691,5
3691,3692,5
3692,3693,3
3693,3694,5
3694,3695,3
3695,3696,5
3696,3697,5
3697,3698,5
3698,3699,5
3699,3700,5
3700,3701,5
3701,3702,5
3702,3703,5
3703,3704,3
3704,3705,5
3705,3706,5
3706,3707,5
3707,3708,5
3708,3709,1
3709,3710,5
3710,3711,5
3711,3712,5
3712,3713,5
3713,3714,5
3714,3715,5
3715,3716,5
3716,3717,3
3717,3718,5
3718,3719,5
3719,3720,5
3720,3721,5
3721,3722,5
3722,3723,3
3723,3724,5
3724,3725,5
3725,3726,3
3726,3727,5
3727,3728,5
3728,3729,5
3729,3730,5
3730,3731,5
3731,3732,5
3732,3733,5
3733,3734,5
3734,3735,5
3735,3736,5
3736,3737,1
3737,3738,5
3738,3739,3
3739,3740,5
3740,3741,5
3741,3742,5
3742,3743,5
3743,3744,3
3744,3745,5
3745,3746,5
3746,3747,5
3747,3748,5
3748,3749,3
3749,3750,3
3750,3751,3
3751,3752,5
3752,3753,1
3753,3754,5
3754,3755,5
3755,3756,5
3756,3757,3
3757,3758,5
3758,3759,1
3759,3760,5
3760,3761,5
3761,3762,3
3762,3763,3
3763,3764,5
3764,3765,5
3765,3766,3
3766,3767,3
3767,3768,3
3768,3769,5
3769,3770,5
3770,3771,5
3771,3772,5
3772,3773,5
3773,3774,5
3774,3775,5
3775,3776,5
3776,3777,3
3777,3778,1
3778,3779,5
3779,3780,5
3780,3781,5
3781,3782,5
3782,3783,1
3783,3784,3
3784,3785,1
3785,3786,5
3786,3787,3
3787,3788,5
3788,3789,5
3789,3790,5
3790,3791,1
3791,3792,5
3792,3793,5
3793,3794,1
3794,3795,5
3795,3796,3
3796,3797,3
3797,3798,3
3798,3799,5
3799,3800,1
3800,3801,1
3801,3802,3
3802,3803,5
3803,3804,5
3804,3805,3
3805,3806,3
3806,3807,3
3807,3808,3
3808,3809,5
3809,3810,5
3810,3811,5
3811,3812,5
3812,3813,1
3813,3814,3
3814,3815,3
3815,3816,5
3816,3817,3
3817,3818,5
3818,3819,5
3819,3820,5
3820,3821,5
3821,3822,5
3822,3823,5
3823,3824,3
3824,3825,5
3825,3826,5
3826,3827,1
3827,3828,5
3828,3829,1
3829,3830,5
3830,3831,5
3831,3832,5
3832,3833,5
3833,3834,5
3834,3835,3
3835,3836,5
3836,3837,3
3837,3838,1
3838,3839,5
3839,3840,3
3840,3841,5
3841,3842,5
3842,3843,5
3843,3844,5
3844,3845,5
3845,3846,3
3846,3847,1
3847,3848,3
3848,3849,5
3849,3850,5
3850,3851,5
3851,3852,5
3852,3853,5
3853,3854,5
3854,3855,3
3855,3856,3
3856,3857,3
3857,3858,5
3858,3859,5
3859,3860,5
3860,3861,1
3861,3862,3
3862,3863,5
3863,3864,5
3864,3865,1
3865,3866,1
3866,3867,5
3867,3868,3
3868,3869,5
3869,3870,5
3870,3871,5
3871,3872,5
3872,3873,5
3873,3874,3
3874,3875,5
3875,3876,3
3876,3877,3
3877,3878,3
3878,3879,1
3879,3880,5
3880,3881,5
3881,3882,5
3882,3883,3
3883,3884,5
3884,3885,5
3885,3886,5
3886,3887,5
3887,3888,3
3888,3889,5
3889,3890,5
3890,3891,5
3891,3892,5
3892,3893,5
3893,3894,5
3894,3895,3
3895,3896,3
3896,3897,5
3897,3898,5
3898,3899,5
3899,3900,3
3900,3901,5
3901,3902,5
3902,3903,5
3903,3904,5
3904,3905,5
3905,3906,5
3906,3907,5
3907,3908,5
3908,3909,1
3909,3910,5
3910,3911,5
3911,3912,5
3912,3913,3
3913,3914,5
3914,3915,5
3915,3916,3
3916,3917,5
3917,3918,5
3918,3919,5
3919,3920,5
3920,3921,5
3921,3922,5
3922,3923,5
3923,3924,5
3924,3925,1
3925,3926,3
3926,3927,5
3927,3928,5
3928,3929,5
3929,3930,5
3930,3931,3
3931,3932,3
3932,3933,5
3933,3934,5
3934,3935,5
3935,3936,5
3936,3937,1
3937,3938,5
3938,3939,5
3939,3940,5
3940,3941,5
3941,3942,5
3942,3943,5
3943,3944,5
3944,3945,5
3945,3946,5
3946,3947,5
3947,3948,5
3948,3949,3
3949,3950,3
3950,3951,5
3951,3952,3
3952,3953,5
3953,3954,3
3954,3955,5
3955,3956,3
3956,3957,5
3957,3958,5
3958,3959,5
3959,3960,1
3960,3961,5
3961,3962,3
3962,3963,5
3963,3964,5
3964,3965,5
3965,3966,1
3966,3967,5
3967,3968,5
3968,3969,5
3969,3970,1
3970,3971,3
3971,3972,5
3972,3973,5
3973,3974,5
3974,3975,5
3975,3976,5
3976,3977,3
3977,3978,5
3978,3979,5
3979,3980,5
3980,3981,3
3981,3982,5
3982,3983,5
3983,3984,5
3984,3985,1
3985,3986,5
3986,3987,3
3987,3988,5
3988,3989,3
3989,3990,5
3990,3991,3
3991,3992,5
3992,3993,5
3993,3994,3
3994,3995,5
3995,3996,5
3996,3997,3
3997,3998,5
3998,3999,3
3999,4000,5
4000,4001,5
4001,4002,1
4002,4003,3
4003,4004,5
4004,4005,1
4005,4006,5
4006,4007,1
4007,4008,5
4008,4009,5
4009,4010,5
4010,4011,5
4011,4012,3
4012,4013,5
4013,4014,5
4014,4015,5
4015,4016,5
4016,4017,5
4017,4018,5
4018,4019,5
4019,4020,1
4020,4021,5
4021,4022,5
4022,4023,5
4023,4024,5
4024,4025,5
4025,4026,5
4026,4027,5
4027,4028,5
4028,4029,3
4029,4030,5
4030,4031,3
4031,4032,5
4032,4033,5
4033,4034,5
4034,4035,1
4035,4036,1
4036,4037,5
4037,4038,5
4038,4039,3
4039,4040,5
4040,4041,5
4041,4042,5
4042,4043,5
4043,4044,5
4044,4045,5
4045,4046,5
4046,4047,5
4047,4048,5
4048,4049,5
4049,4050,5
4050,4051,5
4051,4052,3
4052,4053,5
4053,4054,3
4054,4055,5
4055,4056,5
4056,4057,1
4057,4058,3
4058,4059,5
4059,4060,3
4060,4061,5
4061,4062,5
4062,4063,5
4063,4064,5
4064,4065,5
4065,4066,1
4066,4067,5
4067,4068,5
4068,4069,5
4069,4070,1
4070,4071,3
4071,4072,3
4072,4073,5
4073,4074,5
4074,4075,5
4075,4076,5
4076,4077,5
4077,4078,5
4078,4079,3
4079,4080,5
4080,4081,1
4081,4082,5
4082,4083,5
4083,4084,5
4084,4085,5
4085,4086,5
4086,4087,5
4087,4088,5
4088,4089,5
4089,4090,3
4090,4091,3
4091,4092,3
4092,4093,5
4093,4094,3
4094,4095,5
4095,4096,3
4096,4097,5
4097,4098,5
4098,4099,5
4099,4100,5
4100,4101,1
4101,4102,3
4102,4103,3
4103,4104,5
4104,4105,5
4105,4106,5
4106,4107,5
4107,4108,5
4108,4109,5
4109,4110,3
4110,4111,5
4111,4112,5
4112,4113,3
4113,4114,5
4114,4115,5
4115,4116,5
4116,4117,5
4117,4118,3
4118,4119,3
4119,4120,5
4120,4121,3
4121,4122,5
4122,4123,5
4123,4124,3
4124,4125,5
4125,4126,3
4126,4127,5
4127,4128,5
4128,4129,5
4129,4130,1
4130,4131,5
4131,4132,5
4132,4133,3
4133,4134,5
4134,4135,5
4135,4136,3
4136,4137,5
4137,4138,5
4138,4139,3
4139,4140,3
4140,4141,5
4141,4142,3
4142,4143,5
4143,4144,5
4144,4145,5
4145,4146,5
4146,4147,5
4147,4148,1
4148,4149,3
4149,4150,5
4150,4151,5
4151,4152,5
4152,4153,5
4153,4154,3
4154,4155,5
4155,4156,5
4156,4157,5
4157,4158,5
4158,4159,5
4159,4160,5
4160,4161,5
4161,4162,5
4162,4163,5
4163,4164,1
4164,4165,5
4165,4166,5
4166,4167,5
4167,4168,3
4168,4169,5
4169,4170,3
4170,4171,3
4171,4172,5
4172,4173,5
4173,4174,5
4174,4175,5
4175,4176,5
4176,4177,5
4177,4178,3
4178,4179,5
4179,4180,5
4180,4181,5
4181,4182,5
4182,4183,5
4183,4184,5
4184,4185,5
4185,4186,3
4186,4187,3
4187,4188,5
4188,4189,3
4189,4190,5
4190,4191,5
4191,4192,3
4192,4193,5
4193,4194,3
4194,4195,1
4195,4196,1
4196,4197,5
4197,4198,5
4198,4199,5
4199,4200,5
4200,4201,5
4201,4202,3
4202,4203,5
4203,4204,5
4204,4205,5
4205,4206,5
4206,4207,5
4207,4208,5
4208,4209,5
4209,4210,5
4210,4211,5
4211,4212,1
4212,4213,3
4213,4214,5
4214,4215,5
4215,4216,3
4216,4217,5
4217,4218,5
4218,4219,3
4219,4220,5
4220,4221,5
4221,4222,5
4222,4223,5
4223,4224,5
4224,4225,5
4225,4226,5
4226,4227,1
4227,4228,3
4228,4229,1
4229,4230,3
4230,4231,5
4231,4232,3
4232,4233,5
4233,4234,5
4234,4235,5
4235,4236,5
4236,4237,5
4237,4238,5
4238,4239,5
4239,4240,5
4240,4241,3
4241,4242,5
4242,4243,5
4243,4244,1
4244,4245,5
4245,4246,3
4246,4247,5
4247,4248,5
4248,4249,5
4249,4250,5
4250,4251,5
4251,4252,3
4252,4253,5
4253,4254,5
4254,4255,5
4255,4256,5
4256,4257,3
4257,4258,5
4258,4259,5
4259,4260,3
4260,4261,5
4261,4262,3
4262,4263,5
4263,4264,5
4264,4265,5
4265,4266,5
4266,4267,3
4267,4268,3
4268,4269,5
4269,4270,3
4270,4271,5
4271,4272,5
4272,4273,1
4273,4274,5
4274,4275,3
4275,4276,1
4276,4277,5
4277,4278,5
4278,4279,5
4279,4280,5
4280,4281,5
4281,4282,3
4282,4283,5
4283,4284,5
4284,4285,5
4285,4286,5
4286,4287,5
4287,4288,5
4288,4289,5
4289,4290,5
4290,4291,3
4291,4292,1
4292,4293,3
4293,4294,3
4294,4295,1
4295,4296,5
4296,4297,5
4297,4298,5
4298,4299,5
4299,4300,5
4300,4301,3
4301,4302,5
4302,4303,5
4303,4304,5
4304,4305,5
4305,4306,5
4306,4307,1
4307,4308,5
4308,4309,5
4309,4310,3
4310,4311,5
4311,4312,5
4312,4313,3
4313,4314,5
4314,4315,5
4315,4316,5
4316,4317,5
4317,4318,5
4318,4319,5
4319,4320,5
4320,4321,5
4321,4322,1
4322,4323,3
4323,4324,5
4324,4325,5
4325,4326,3
4326,4327,5
4327,4328,5
4328,4329,5
4329,4330,5
4330,4331,5
4331,4332,1
4332,4333,5
4333,4334,3
4334,4335,5
4335,4336,5
4336,4337,5
4337,4338,1
4338,4339,1
4339,4340,5
4340,4341,3
4341,4342,5
4342,4343,5
4343,4344,1
4344,4345,5
4345,4346,5
4346,4347,5
4347,4348,1
4348,4349,5
4349,4350,1
4350,4351,5
4351,4352,5
4352,4353,3
4353,4354,5
4354,4355,5
4355,4356,5
4356,4357,5
4357,4358,5
4358,4359,5
4359,4360,5
4360,4361,5
4361,4362,5
4362,4363,5
4363,4364,5
4364,4365,1
4365,4366,5
4366,4367,3
4367,4368,3
4368,4369,5
4369,4370,5
4370,4371,5
4371,4372,3
4372,4373,5
4373,4374,5
4374,4375,5
4375,4376,5
4376,4377,5
4377,4378,5
4378,4379,5
4379,4380,5
4380,4381,3
4381,4382,1
4382,4383,3
4383,4384,5
4384,4385,5
4385,4386,3
4386,4387,5
4387,4388,5
4388,4389,5
4389,4390,3
4390,4391,5
4391,4392,5
4392,4393,5
4393,4394,5
4394,4395,3
4395,4396,3
4396,4397,3
4397,4398,5
4398,4399,5
4399,4400,5
4400,4401,5
4401,4402,5
4402,4403,3
4403,4404,5
4404,4405,5
4405,4406,5
4406,4407,3
4407,4408,5
4408,4409,5
4409,4410,5
4410,4411,5
4411,4412,1
4412,4413,5
4413,4414,5
4414,4415,5
4415,4416,5
4416,4417,5
4417,4418,5
4418,4419,5
4419,4420,5
4420,4421,3
4421,4422,5
4422,4423,3
4423,4424,1
4424,4425,5
4425,4426,5
4426,4427,5
4427,4428,5
4428,4429,5
4429,4430,5
4430,4431,3
4431,4432,5
4432,4433,3
4433,4434,5
4434,4435,5
4435,4436,5
4436,4437,5
4437,4438,3
4438,4439,5
4439,4440,3
4440,4441,5
4441,4442,3
4442,4443,5
4443,4444,3
4444,4445,5
4445,4446,5
4446,4447,3
4447,4448,5
4448,4449,5
4449,4450,3
4450,4451,5
4451,4452,5
4452,4453,5
4453,4454,5
4454,4455,1
4455,4456,5
4456,4457,5
4457,4458,5
4458,4459,5
4459,4460,5
4460,4461,5
4461,4462,3
4462,4463,5
4463,4464,3
4464,4465,5
4465,4466,5
4466,4467,3
4467,4468,5
4468,4469,5
4469,4470,5
4470,4471,3
4471,4472,5
4472,4473,5
4473,4474,5
4474,4475,5
4475,4476,5
4476,4477,3
4477,4478,5
4478,4479,5
4479,4480,5
4480,4481,5
4481,4482,5
4482,4483,5
4483,4484,3
4484,4485,5
4485,4486,3
4486,4487,3
4487,4488,5
4488,4489,1
4489,4490,3
4490,4491,5
4491,4492,5
4492,4493,3
4493,4494,5
4494,4495,5
4495,4496,3
4496,4497,5
4497,4498,3
4498,4499,5
4499,4500,5
4500,4501,1
4501,4502,5
4502,4503,5
4503,4504,5
4504,4505,3
4505,4506,5
4506,4507,5
4507,4508,3
4508,4509,5
4509,4510,5
4510,4511,1
4511,4512,5
4512,4513,5
4513,4514,5
4514,4515,5
4515,4516,1
4516,4517,5
4517,4518,3
4518,4519,5
4519,4520,5
4520,4521,5
4521,4522,5
4522,4523,5
4523,4524,5
4524,4525,5
4525,4526,5
4526,4527,1
4527,4528,3
4528,4529,3
4529,4530,5
4530,4531,5
4531,4532,5
4532,4533,5
4533,4534,5
4534,4535,5
4535,4536,5
4536,4537,5
4537,4538,5
4538,4539,5
4539,4540,1
4540,4541,5
4541,4542,5
4542,4543,5
4543,4544,5
4544,4545,5
4545,4546,5
4546,4547,1
4547,4548,5
4548,4549,5
4549,4550,5
4550,4551,5
4551,4552,3
4552,4553,5
4553,4554,1
4554,4555,5
4555,4556,1
4556,4557,3
4557,4558,5
4558,4559,5
4559,4560,5
4560,4561,5
4561,4562,5
4562,4563,1
4563,4564,1
4564,4565,5
4565,4566,5
4566,4567,5
4567,4568,5
4568,4569,5
4569,4570,5
4570,4571,5
4571,4572,3
4572,4573,3
4573,4574,3
4574,4575,5
4575,4576,5
4576,4577,1
4577,4578,1
4578,4579,5
4579,4580,5
4580,4581,5
4581,4582,5
4582,4583,5
4583,4584,3
4584,4585,5
4585,4586,5
4586,4587,5
4587,4588,5
4588,4589,5
4589,4590,5
4590,4591,5
4591,4592,5
4592,4593,1
4593,4594,5
4594,4595,5
4595,4596,5
4596,4597,5
4597,4598,5
4598,4599,5
4599,4600,5
4600,4601,5
4601,4602,3
4602,4603,3
4603,4604,3
4604,4605,3
4605,4606,5
4606,4607,5
4607,4608,3
4608,4609,3
4609,4610,3
4610,4611,5
4611,4612,5
4612,4613,5
4613,4614,5
4614,4615,5
4615,4616,5
4616,4617,5
4617,4618,5
4618,4619,3
4619,4620,5
4620,4621,5
4621,4622,5
4622,4623,3
4623,4624,1
4624,4625,5
4625,4626,5
4626,4627,5
4627,4628,5
4628,4629,3
4629,4630,3
4630,4631,5
4631,4632,5
4632,4633,5
4633,4634,5
4634,4635,5
4635,4636,1
4636,4637,5
4637,4638,5
4638,4639,5
4639,4640,5
4640,4641,5
4641,4642,5
4642,4643,3
4643,4644,5
4644,4645,3
4645,4646,3
4646,4647,5
4647,4648,3
4648,4649,5
4649,4650,5
4650,4651,3
4651,4652,5
4652,4653,5
4653,4654,5
4654,4655,3
4655,4656,5
4656,4657,5
4657,4658,3
4658,4659,5
4659,4660,5
4660,4661,5
4661,4662,5
4662,4663,3
4663,4664,5
4664,4665,5
4665,4666,5
4666,4667,5
4667,4668,5
4668,4669,5
4669,4670,5
4670,4671,3
4671,4672,5
4672,4673,3
4673,4674,5
4674,4675,5
4675,4676,5
4676,4677,3
4677,4678,5
4678,4679,5
4679,4680,5
4680,4681,5
4681,4682,5
4682,4683,5
4683,4684,5
4684,4685,3
4685,4686,5
4686,4687,5
4687,4688,5
4688,4689,5
4689,4690,5
4690,4691,5
4691,4692,3
4692,4693,5
4693,4694,5
4694,4695,5
4695,4696,1
4696,4697,3
4697,4698,5
4698,4699,5
4699,4700,5
4700,4701,1
4701,4702,5
4702,4703,3
4703,4704,5
4704,4705,5
4705,4706,5
4706,4707,3
4707,4708,3
4708,4709,5
4709,4710,5
4710,4711,5
4711,4712,5
4712,4713,5
4713,4714,5
4714,4715,3
4715,4716,3
4716,4717,5
4717,4718,1
4718,4719,5
4719,4720,5
4720,4721,1
4721,4722,5
4722,4723,5
4723,4724,3
4724,4725,5
4725,4726,3
4726,4727,5
4727,4728,5
4728,4729,5
4729,4730,5
4730,4731,5
4731,4732,5
4732,4733,5
4733,4734,5
4734,4735,5
4735,4736,3
4736,4737,5
4737,4738,5
4738,4739,5
4739,4740,5
4740,4741,3
4741,4742,5
4742,4743,5
4743,4744,5
4744,4745,3
4745,4746,3
4746,4747,3
4747,4748,1
4748,4749,3
4749,4750,5
4750,4751,5
4751,4752,1
4752,4753,5
4753,4754,5
4754,4755,5
4755,4756,5
4756,4757,3
4757,4758,5
4758,4759,5
4759,4760,5
4760,4761,3
4761,4762,5
4762,4763,3
4763,4764,1
4764,4765,5
4765,4766,3
4766,4767,1
4767,4768,5
4768,4769,5
4769,4770,5
4770,4771,5
4771,4772,3
4772,4773,1
4773,4774,5
4774,4775,5
4775,4776,5
4776,4777,1
4777,4778,5
4778,4779,3
4779,4780,5
4780,4781,5
4781,4782,5
4782,4783,1
4783,4784,5
4784,4785,5
4785,4786,5
4786,4787,5
4787,4788,5
4788,4789,3
4789,4790,3
4790,4791,5
4791,4792,3
4792,4793,5
4793,4794,5
4794,4795,5
4795,4796,3
4796,4797,5
4797,4798,5
4798,4799,5
4799,4800,5
4800,4801,5
4801,4802,5
4802,4803,5
4803,4804,5
4804,4805,5
4805,4806,5
4806,4807,3
4807,4808,5
4808,4809,5
4809,4810,1
4810,4811,5
4811,4812,5
4812,4813,5
4813,4814,3
4814,4815,5
4815,4816,5
4816,4817,5
4817,4818,1
4818,4819,5
4819,4820,5
4820,4821,5
4821,4822,5
4822,4823,5
4823,4824,5
4824,4825,3
4825,4826,3
4826,4827,5
4827,4828,5
4828,4829,5
4829,4830,5
4830,4831,5
4831,4832,3
4832,4833,3
4833,4834,5
4834,4835,5
4835,4836,5
4836,4837,5
4837,4838,5
4838,4839,5
4839,4840,5
4840,4841,5
4841,4842,5
4842,4843,5
4843,4844,5
4844,4845,5
4845,4846,3
4846,4847,5
4847,4848,5
4848,4849,3
4849,4850,5
4850,4851,5
4851,4852,3
4852,4853,3
4853,4854,5
4854,4855,5
4855,4856,3
4856,4857,5
4857,4858,5
4858,4859,3
4859,4860,5
4860,4861,5
4861,4862,3
4862,4863,5
4863,4864,5
4864,4865,5
4865,4866,3
4866,4867,5
4867,4868,5
4868,4869,3
4869,4870,5
4870,4871,5
4871,4872,5
4872,4873,1
4873,4874,3
4874,4875,5
4875,4876,5
4876,4877,5
4877,4878,5
4878,4879,5
4879,4880,5
4880,4881,5
4881,4882,5
4882,4883,5
4883,4884,1
4884,4885,5
4885,4886,5
4886,4887,5
4887,4888,5
4888,4889,5
4889,4890,1
4890,4891,3
4891,4892,5
4892,4893,3
4893,4894,3
4894,4895,5
4895,4896,5
4896,4897,3
4897,4898,3
4898,4899,5
4899,4900,5
4900,4901,3
4901,4902,5
4902,4903,5
4903,4904,5
4904,4905,5
4905,4906,5
4906,4907,3
4907,4908,3
4908,4909,5
4909,4910,5
4910,4911,5
4911,4912,5
4912,4913,5
4913,4914,5
4914,4915,3
4915,4916,5
4916,4917,1
4917,4918,5
4918,4919,5
4919,4920,5
4920,4921,5
4921,4922,5
4922,4923,3
4923,4924,5
4924,4925,5
4925,4926,1
4926,4927,5
4927,4928,5
4928,4929,5
4929,4930,3
4930,4931,5
4931,4932,1
4932,4933,5
4933,4934,5
4934,4935,5
4935,4936,1
4936,4937,5
4937,4938,5
4938,4939,5
4939,4940,5
4940,4941,5
4941,4942,1
4942,4943,1
4943,4944,5
4944,4945,5
4945,4946,5
4946,4947,5
4947,4948,3
4948,4949,5
4949,4950,5
4950,4951,1
4951,4952,5
4952,4953,1
4953,4954,3
4954,4955,5
4955,4956,5
4956,4957,3
4957,4958,5
4958,4959,5
4959,4960,5
4960,4961,3
4961,4962,5
4962,4963,1
4963,4964,3
4964,4965,5
4965,4966,5
4966,4967,5
4967,4968,1
4968,4969,3
4969,4970,5
4970,4971,5
4971,4972,5
4972,4973,5
4973,4974,5
4974,4975,5
4975,4976,1
4976,4977,1
4977,4978,5
4978,4979,3
4979,4980,5
4980,4981,5
4981,4982,3
4982,4983,5
4983,4984,1
4984,4985,5
4985,4986,5
4986,4987,5
4987,4988,5
4988,4989,5
4989,4990,5
4990,4991,1
4991,4992,5
4992,4993,5
4993,4994,5
4994,4995,5
4995,4996,3
4996,4997,5
4997,4998,5
4998,4999,3
4999,5000,3
5000,5001,5
5001,5002,5
5002,5003,3
5003,5004,5
5004,5005,3
5005,5006,3
5006,5007,5
5007,5008,5
5008,5009,5
5009,5010,5
5010,5011,5
5011,5012,5
5012,5013,5
5013,5014,5
5014,5015,3
5015,5016,5
5016,5017,5
5017,5018,1
5018,5019,3
5019,5020,5
5020,5021,5
5021,5022,5
5022,5023,5
5023,5024,5
5024,5025,5
5025,5026,3
5026,5027,5
5027,5028,5
5028,5029,5
5029,5030,3
5030,5031,3
5031,5032,5
5032,5033,5
5033,5034,5
5034,5035,3
5035,5036,5
5036,5037,5
5037,5038,5
5038,5039,3
5039,5040,5
5040,5041,5
5041,5042,3
5042,5043,3
5043,5044,5
5044,5045,5
5045,5046,5
5046,5047,3
5047,5048,5
5048,5049,5
5049,5050,3
5050,5051,5
5051,5052,5
5052,5053,3
5053,5054,5
5054,5055,5
5055,5056,5
5056,5057,3
5057,5058,5
5058,5059,5
5059,5060,5
5060,5061,5
5061,5062,1
5062,5063,3
5063,5064,5
5064,5065,5
5065,5066,5
5066,5067,5
5067,5068,3
5068,5069,5
5069,5070,3
5070,5071,5
5071,5072,5
5072,5073,3
5073,5074,5
5074,5075,3
5075,5076,3
5076,5077,1
5077,5078,5
5078,5079,5
5079,5080,5
5080,5081,5
5081,5082,3
5082,5083,5
5083,5084,5
5084,5085,3
5085,5086,5
5086,5087,5
5087,5088,5
5088,5089,3
5089,5090,5
5090,5091,5
5091,5092,3
5092,5093,5
5093,5094,5
5094,5095,5
5095,5096,3
5096,5097,3
5097,5098,3
5098,5099,5
5099,5100,3
5100,5101,5
5101,5102,5
5102,5103,1
5103,5104,5
5104,5105,3
5105,5106,5
5106,5107,5
5107,5108,5
5108,5109,3
5109,5110,3
5110,5111,5
5111,5112,3
5112,5113,5
5113,5114,5
5114,5115,5
5115,5116,3
5116,5117,1
5117,5118,5
5118,5119,5
5119,5120,5
5120,5121,5
5121,5122,5
5122,5123,5
5123,5124,5
5124,5125,5
5125,5126,5
5126,5127,3
5127,5128,5
5128,5129,5
5129,5130,5
5130,5131,5
5131,5132,5
5132,5133,3
5133,5134,5
5134,5135,3
5135,5136,5
5136,5137,5
5137,5138,5
5138,5139,3
5139,5140,5
5140,5141,1
5141,5142,3
5142,5143,3
5143,5144,5
5144,5145,3
5145,5146,5
5146,5147,3
5147,5148,5
5148,5149,5
5149,5150,5
5150,5151,3
5151,5152,5
5152,5153,5
5153,5154,5
5154,5155,3
5155,5156,3
5156,5157,5
5157,5158,5
5158,5159,5
5159,5160,5
5160,5161,5
5161,5162,5
5162,5163,3
5163,5164,5
5164,5165,5
5165,5166,5
5166,5167,5
5167,5168,5
5168,5169,5
5169,5170,3
5170,5171,5
5171,5172,3
5172,5173,5
5173,5174,5
5174,5175,3
5175,5176,5
5176,5177,5
5177,5178,1
5178,5179,5
5179,5180,3
5180,5181,5
5181,5182,5
5182,5183,5
5183,5184,5
5184,5185,5
5185,5186,3
5186,5187,5
5187,5188,5
5188,5189,1
5189,5190,5
5190,5191,5
5191,5192,5
5192,5193,5
5193,5194,5
5194,5195,5
5195,5196,3
5196,5197,5
5197,5198,5
5198,5199,5
5199,5200,1
5200,5201,5
5201,5202,5
5202,5203,5
5203,5204,3
5204,5205,5
5205,5206,1
5206,5207,5
5207,5208,5
5208,5209,5
5209,5210,5
5210,5211,5
5211,5212,5
5212,5213,5
5213,5214,5
5214,5215,5
5215,5216,5
5216,5217,5
5217,5218,1
5218,5219,5
5219,5220,5
5220,5221,5
5221,5222,3
5222,5223,3
5223,5224,5
5224,5225,5
5225,5226,1
5226,5227,3
5227,5228,5
5228,5229,5
5229,5230,5
5230,5231,5
5231,5232,3
5232,5233,5
5233,5234,5
5234,5235,5
5235,5236,5
5236,5237,3
5237,5238,3
5238,5239,3
5239,5240,3
5240,5241,3
5241,5242,5
5242,5243,5
5243,5244,3
5244,5245,5
5245,5246,3
5246,5247,5
5247,5248,5
5248,5249,5
5249,5250,5
5250,5251,5
5251,5252,5
5252,5253,3
5253,5254,5
5254,5255,1
5255,5256,3
5256,5257,1
5257,5258,5
5258,5259,5
5259,5260,3
5260,5261,5
5261,5262,5
5262,5263,5
5263,5264,5
5264,5265,5
5265,5266,5
5266,5267,5
5267,5268,3
5268,5269,1
5269,5270,1
5270,5271,1
5271,5272,5
5272,5273,5
5273,5274,5
5274,5275,5
5275,5276,5
5276,5277,5
5277,5278,5
5278,5279,5
5279,5280,5
5280,5281,5
5281,5282,5
5282,5283,5
5283,5284,5
5284,5285,5
5285,5286,5
5286,5287,5
5287,5288,5
5288,5289,3
5289,5290,1
5290,5291,5
5291,5292,3
5292,5293,5
5293,5294,5
5294,5295,3
5295,5296,5
5296,5297,5
5297,5298,5
5298,5299,5
5299,5300,1
5300,5301,1
5301,5302,5
5302,5303,5
5303,5304,5
5304,5305,3
5305,5306,5
5306,5307,5
5307,5308,5
5308,5309,1
5309,5310,3
5310,5311,5
5311,5312,5
5312,5313,3
5313,5314,5
5314,5315,5
5315,5316,5
5316,5317,3
5317,5318,3
5318,5319,5
5319,5320,3
5320,5321,5
5321,5322,5
5322,5323,5
5323,5324,5
5324,5325,5
5325,5326,5
5326,5327,5
5327,5328,5
5328,5329,5
5329,5330,3
5330,5331,5
5331,5332,3
5332,5333,5
5333,5334,5
5334,5335,5
5335,5336,5
5336,5337,3
5337,5338,5
5338,5339,3
5339,5340,5
5340,5341,5
5341,5342,3
5342,5343,5
5343,5344,5
5344,5345,3
5345,5346,3
5346,5347,5
5347,5348,5
5348,5349,5
5349,5350,5
5350,5351,5
5351,5352,5
5352,5353,5
5353,5354,3
5354,5355,5
5355,5356,5
5356,5357,5
5357,5358,5
5358,5359,3
5359,5360,5
5360,5361,5
5361,5362,5
5362,5363,3
5363,5364,5
5364,5365,5
5365,5366,5
5366,5367,5
5367,5368,5
5368,5369,5
5369,5370,1
5370,5371,3
5371,5372,5
5372,5373,5
5373,5374,1
5374,5375,5
5375,5376,3
5376,5377,5
5377,5378,3
5378,5379,3
5379,5380,3
5380,5381,1
5381,5382,3
5382,5383,5
5383,5384,3
5384,5385,5
5385,5386,5
5386,5387,5
5387,5388,3
5388,5389,5
5389,5390,5
5390,5391,5
5391,5392,5
5392,5393,5
5393,5394,5
5394,5395,5
5395,5396,5
5396,5397,3
5397,5398,5
5398,5399,5
5399,5400,5
5400,5401,5
5401,5402,3
5402,5403,3
5403,5404,5
5404,5405,5
5405,5406,3
5406,5407,3
5407,5408,5
5408,5409,5
5409,5410,5
5410,5411,5
5411,5412,1
5412,5413,5
5413,5414,3
5414,5415,5
5415,5416,5
5416,5417,5
5417,5418,5
5418,5419,5
5419,5420,5
5420,5421,5
5421,5422,5
5422,5423,5
5423,5424,5
5424,5425,3
5425,5426,5
5426,5427,5
5427,5428,5
5428,5429,5
5429,5430,5
5430,5431,5
5431,5432,5
5432,5433,5
5433,5434,5
5434,5435,5
5435,5436,5
5436,5437,3
5437,5438,5
5438,5439,5
5439,5440,5
5440,5441,5
5441,5442,5
5442,5443,3
5443,5444,5
5444,5445,5
5445,5446,3
5446,5447,3
5447,5448,5
5448,5449,5
5449,5450,5
5450,5451,5
5451,5452,3
5452,5453,3
5453,5454,5
5454,5455,3
5455,5456,5
5456,5457,5
5457,5458,5
5458,5459,5
5459,5460,5
5460,5461,5
5461,5462,5
5462,5463,5
5463,5464,5
5464,5465,5
5465,5466,3
5466,5467,5
5467,5468,5
5468,5469,5
5469,5470,5
5470,5471,5
5471,5472,3
5472,5473,5
5473,5474,5
5474,5475,5
5475,5476,3
5476,5477,5
5477,5478,5
5478,5479,5
5479,5480,5
5480,5481,5
5481,5482,3
5482,5483,5
5483,5484,5
5484,5485,5
5485,5486,5
5486,5487,5
5487,5488,5
5488,5489,5
5489,5490,3
5490,5491,5
5491,5492,1
5492,5493,5
5493,5494,5
5494,5495,5
5495,5496,5
5496,5497,3
5497,5498,3
5498,5499,5
5499,5500,5
5500,5501,5
5501,5502,5
5502,5503,5
5503,5504,5
5504,5505,5
5505,5506,5
5506,5507,5
5507,5508,5
5508,5509,3
5509,5510,3
5510,5511,5
5511,5512,5
5512,5513,5
5513,5514,3
5514,5515,5
5515,5516,5
5516,5517,3
5517,5518,5
5518,5519,5
5519,5520,5
5520,5521,5
5521,5522,5
5522,5523,5
5523,5524,5
5524,5525,5
5525,5526,5
5526,5527,5
5527,5528,5
5528,5529,5
5529,5530,3
5530,5531,5
5531,5532,5
5532,5533,5
5533,5534,3
5534,5535,5
5535,5536,3
5536,5537,5
5537,5538,5
5538,5539,3
5539,5540,5
5540,5541,3
5541,5542,5
5542,5543,3
5543,5544,5
5544,5545,5
5545,5546,5
5546,5547,5
5547,5548,3
5548,5549,5
5549,5550,3
5550,5551,3
5551,5552,5
5552,5553,5
5553,5554,5
5554,5555,5
5555,5556,5
5556,5557,5
5557,5558,5
5558,5559,5
5559,5560,5
5560,5561,3
5561,5562,3
5562,5563,5
5563,5564,5
5564,5565,5
5565,5566,5
5566,5567,5
5567,5568,3
5568,5569,1
5569,5570,5
5570,5571,3
5571,5572,5
5572,5573,1
5573,5574,5
5574,5575,3
5575,5576,5
5576,5577,5
5577,5578,5
5578,5579,5
5579,5580,5
5580,5581,5
5581,5582,3
5582,5583,5
5583,5584,5
5584,5585,1
5585,5586,3
5586,5587,3
5587,5588,5
5588,5589,5
5589,5590,3
5590,5591,5
5591,5592,5
5592,5593,5
5593,5594,5
5594,5595,3
5595,5596,5
5596,5597,5
5597,5598,5
5598,5599,5
5599,5600,3
5600,5601,5
5601,5602,5
5602,5603,5
5603,5604,5
5604,5605,5
5605,5606,5
5606,5607,5
5607,5608,3
5608,5609,5
5609,5610,3
5610,5611,3
5611,5612,5
5612,5613,5
5613,5614,3
5614,5615,5
5615,5616,1
5616,5617,1
5617,5618,3
5618,5619,5
5619,5620,5
5620,5621,5
5621,5622,3
5622,5623,5
5623,5624,5
5624,5625,1
5625,5626,5
5626,5627,5
5627,5628,5
5628,5629,5
5629,5630,1
5630,5631,5
5631,5632,3
5632,5633,5
5633,5634,5
5634,5635,3
5635,5636,3
5636,5637,5
5637,5638,5
5638,5639,5
5639,5640,5
5640,5641,5
5641,5642,5
5642,5643,5
5643,5644,5
5644,5645,5
5645,5646,5
5646,5647,5
5647,5648,5
5648,5649,5
5649,5650,3
5650,5651,5
5651,5652,5
5652,5653,5
5653,5654,5
5654,5655,3
5655,5656,5
5656,5657,5
5657,5658,5
5658,5659,5
5659,5660,5
5660,5661,5
5661,5662,5
5662,5663,5
5663,5664,3
5664,5665,3
5665,5666,5
5666,5667,5
5667,5668,5
5668,5669,3
5669,5670,3
5670,5671,5
5671,5672,5
5672,5673,5
5673,5674,3
5674,5675,5
5675,5676,5
5676,5677,1
5677,5678,5
5678,5679,5
5679,5680,5
5680,5681,5
5681,5682,5
5682,5683,5
5683,5684,5
5684,5685,5
5685,5686,5
5686,5687,1
5687,5688,5
5688,5689,5
5689,5690,5
5690,5691,5
5691,5692,5
5692,5693,1
5693,5694,5
5694,5695,1
5695,5696,5
5696,5697,5
5697,5698,5
5698,5699,5
5699,5700,1
5700,5701,5
5701,5702,5
5702,5703,5
5703,5704,5
5704,5705,5
5705,5706,5
5706,5707,5
5707,5708,5
5708,5709,5
5709,5710,5
5710,5711,1
5711,5712,5
5712,5713,5
5713,5714,5
5714,5715,5
5715,5716,5
5716,5717,3
5717,5718,5
5718,5719,1
5719,5720,1
5720,5721,5
5721,5722,5
5722,5723,5
5723,5724,3
5724,5725,5
5725,5726,5
5726,5727,3
5727,5728,5
5728,5729,3
5729,5730,5
5730,5731,5
5731,5732,5
5732,5733,3
5733,5734,5
5734,5735,3
5735,5736,5
5736,5737,5
5737,5738,5
5738,5739,5
5739,5740,5
5740,5741,5
5741,5742,5
5742,5743,3
5743,5744,5
5744,5745,5
5745,5746,5
5746,5747,3
5747,5748,5
5748,5749,5
5749,5750,5
5750,5751,5
5751,5752,5
5752,5753,5
5753,5754,5
5754,5755,3
5755,5756,5
5756,5757,5
5757,5758,1
5758,5759,5
5759,5760,5
5760,5761,3
5761,5762,5
5762,5763,5
5763,5764,5
5764,5765,5
5765,5766,3
5766,5767,3
5767,5768,5
5768,5769,3
5769,5770,3
5770,5771,3
5771,5772,5
5772,5773,5
5773,5774,5
5774,5775,1
5775,5776,5
5776,5777,5
5777,5778,1
5778,5779,3
5779,5780,1
5780,5781,5
5781,5782,5
5782,5783,5
5783,5784,5
5784,5785,5
5785,5786,5
5786,5787,5
5787,5788,5
5788,5789,5
5789,5790,5
5790,5791,5
5791,5792,5
5792,5793,3
5793,5794,5
5794,5795,5
5795,5796,3
5796,5797,5
5797,5798,3
5798,5799,5
5799,5800,5
5800,5801,3
5801,5802,5
5802,5803,5
5803,5804,3
5804,5805,5
5805,5806,5
5806,5807,5
5807,5808,3
5808,5809,5
5809,5810,5
5810,5811,3
5811,5812,5
5812,5813,3
5813,5814,5
5814,5815,5
5815,5816,5
5816,5817,3
5817,5818,5
5818,5819,5
5819,5820,5
5820,5821,1
5821,5822,5
5822,5823,5
5823,5824,3
5824,5825,5
5825,5826,5
5826,5827,5
5827,5828,1
5828,5829,5
5829,5830,5
5830,5831,5
5831,5832,1
5832,5833,5
5833,5834,5
5834,5835,3
5835,5836,3
5836,5837,5
5837,5838,5
5838,5839,5
5839,5840,3
5840,5841,5
5841,5842,3
5842,5843,3
5843,5844,5
5844,5845,5
5845,5846,5
5846,5847,5
5847,5848,3
5848,5849,1
5849,5850,5
5850,5851,5
5851,5852,5
5852,5853,3
5853,5854,5
5854,5855,5
5855,5856,5
5856,5857,3
5857,5858,3
5858,5859,5
5859,5860,5
5860,5861,5
5861,5862,3
5862,5863,1
5863,5864,5
5864,5865,1
5865,5866,5
5866,5867,3
5867,5868,5
5868,5869,5
5869,5870,5
5870,5871,5
5871,5872,3
5872,5873,3
5873,5874,5
5874,5875,5
5875,5876,5
5876,5877,5
5877,5878,5
5878,5879,5
5879,5880,3
5880,5881,5
5881,5882,5
5882,5883,5
5883,5884,5
5884,5885,1
5885,5886,5
5886,5887,3
5887,5888,5
5888,5889,5
5889,5890,5
5890,5891,5
5891,5892,5
5892,5893,5
5893,5894,3
5894,5895,5
5895,5896,5
5896,5897,5
5897,5898,5
5898,5899,5
5899,5900,5
5900,5901,5
5901,5902,5
5902,5903,3
5903,5904,5
5904,5905,5
5905,5906,3
5906,5907,3
5907,5908,5
5908,5909,5
5909,5910,5
5910,5911,5
5911,5912,5
5912,5913,3
5913,5914,5
5914,5915,5
5915,5916,5
5916,5917,5
5917,5918,5
5918,5919,5
5919,5920,5
5920,5921,5
5921,5922,5
5922,5923,5
5923,5924,5
5924,5925,3
5925,5926,5
5926,5927,1
5927,5928,5
5928,5929,5
5929,5930,5
5930,5931,5
5931,5932,5
5932,5933,5
5933,5934,5
5934,5935,3
5935,5936,5
5936,5937,5
5937,5938,5
5938,5939,3
5939,5940,3
5940,5941,5
5941,5942,3
5942,5943,5
5943,5944,5
5944,5945,5
5945,5946,5
5946,5947,5
5947,5948,5
5948,5949,3
5949,5950,5
5950,5951,3
5951,5952,1
5952,5953,5
5953,5954,3
5954,5955,5
5955,5956,5
5956,5957,5
5957,5958,1
5958,5959,5
5959,5960,5
5960,5961,5
5961,5962,5
5962,5963,3
5963,5964,5
5964,5965,3
5965,5966,5
5966,5967,5
5967,5968,5
5968,5969,5
5969,5970,5
5970,5971,5
5971,5972,5
5972,5973,5
5973,5974,5
5974,5975,5
5975,5976,5
5976,5977,5
5977,5978,3
5978,5979,5
5979,5980,5
5980,5981,5
5981,5982,5
5982,5983,5
5983,5984,5
5984,5985,3
5985,5986,3
5986,5987,5
5987,5988,5
5988,5989,5
5989,5990,5
5990,5991,5
5991,5992,3
5992,5993,5
5993,5994,5
5994,5995,3
5995,5996,3
5996,5997,5
5997,5998,5
5998,5999,5
5999,6000,5
6000,6001,5
6001,6002,5
6002,6003,5
6003,6004,5
6004,6005,5
6005,6006,5
6006,6007,3
6007,6008,1
6008,6009,5
6009,6010,3
6010,6011,5
6011,6012,5
6012,6013,1
6013,6014,5
6014,6015,5
6015,6016,5
6016,6017,5
6017,6018,5
6018,6019,3
6019,6020,5
6020,6021,1
6021,6022,5
6022,6023,5
6023,6024,5
6024,6025,5
6025,6026,5
6026,6027,3
6027,6028,5
6028,6029,3
6029,6030,1
6030,6031,3
6031,6032,1
6032,6033,3
6033,6034,5
6034,6035,5
6035,6036,5
6036,6037,5
6037,6038,5
6038,6039,5
6039,6040,5
6040,6041,5
6041,6042,5
6042,6043,3
6043,6044,3
6044,6045,5
6045,6046,5
6046,6047,5
6047,6048,5
6048,6049,3
6049,6050,5
6050,6051,5
6051,6052,5
6052,6053,3
6053,6054,5
6054,6055,5
6055,6056,5
6056,6057,5
6057,6058,5
6058,6059,5
6059,6060,5
6060,6061,5
6061,6062,5
6062,6063,3
6063,6064,5
6064,6065,3
6065,6066,1
6066,6067,3
6067,6068,5
6068,6069,5
6069,6070,5
6070,6071,1
6071,6072,1
6072,6073,5
6073,6074,5
6074,6075,5
6075,6076,5
6076,6077,5
6077,6078,5
6078,6079,1
6079,6080,3
6080,6081,5
6081,6082,3
6082,6083,3
6083,6084,5
6084,6085,5
6085,6086,3
6086,6087,5
6087,6088,3
6088,6089,5
6089,6090,3
6090,6091,3
6091,6092,3
6092,6093,5
6093,6094,5
6094,6095,5
6095,6096,5
6096,6097,1
6097,6098,5
6098,6099,5
6099,6100,5
6100,6101,5
6101,6102,5
6102,6103,5
6103,6104,5
6104,6105,3
6105,6106,5
6106,6107,1
6107,6108,5
6108,6109,5
6109,6110,3
6110,6111,5
6111,6112,5
6112,6113,1
6113,6114,5
6114,6115,5
6115,6116,5
6116,6117,5
6117,6118,5
6118,6119,5
6119,6120,5
6120,6121,5
6121,6122,5
6122,6123,3
6123,6124,5
6124,6125,5
6125,6126,5
6126,6127,5
6127,6128,3
6128,6129,5
6129,6130,3
6130,6131,5
6131,6132,5
6132,6133,5
6133,6134,5
6134,6135,5
6135,6136,5
6136,6137,5
6137,6138,5
6138,6139,5
6139,6140,1
6140,6141,5
6141,6142,5
6142,6143,5
6143,6144,3
6144,6145,5
6145,6146,5
6146,6147,5
6147,6148,5
6148,6149,5
6149,6150,5
6150,6151,3
6151,6152,3
6152,6153,5
6153,6154,5
6154,6155,5
6155,6156,3
6156,6157,5
6157,6158,5
6158,6159,5
6159,6160,5
6160,6161,5
6161,6162,5
6162,6163,5
6163,6164,5
6164,6165,5
6165,6166,1
6166,6167,3
6167,6168,5
6168,6169,1
6169,6170,5
6170,6171,5
6171,6172,5
6172,6173,5
6173,6174,5
6174,6175,5
6175,6176,5
6176,6177,5
6177,6178,5
6178,6179,5
6179,6180,5
6180,6181,5
6181,6182,1
6182,6183,5
6183,6184,5
6184,6185,5
6185,6186,3
6186,6187,5
6187,6188,3
6188,6189,5
6189,6190,5
6190,6191,5
6191,6192,1
6192,6193,5
6193,6194,5
6194,6195,3
6195,6196,5
6196,6197,5
6197,6198,5
6198,6199,1
6199,6200,5
6200,6201,5
6201,6202,5
6202,6203,5
6203,6204,5
6204,6205,5
6205,6206,5
6206,6207,5
6207,6208,5
6208,6209,3
6209,6210,5
6210,6211,5
6211,6212,5
6212,6213,3
6213,6214,3
6214,6215,5
6215,6216,5
6216,6217,5
6217,6218,5
6218,6219,1
6219,6220,5
6220,6221,5
6221,6222,5
6222,6223,3
6223,6224,5
6224,6225,5
6225,6226,5
6226,6227,3
6227,6228,5
6228,6229,5
6229,6230,1
6230,6231,5
6231,6232,5
6232,6233,3
6233,6234,5
6234,6235,5
6235,6236,5
6236,6237,3
6237,6238,3
6238,6239,5
6239,6240,1
6240,6241,5
6241,6242,3
6242,6243,5
6243,6244,5
6244,6245,1
6245,6246,5
6246,6247,5
6247,6248,3
6248,6249,5
6249,6250,5
6250,6251,5
6251,6252,5
6252,6253,5
6253,6254,5
6254,6255,5
6255,6256,3
6256,6257,5
6257,6258,1
6258,6259,3
6259,6260,5
6260,6261,3
6261,6262,5
6262,6263,5
6263,6264,5
6264,6265,3
6265,6266,5
6266,6267,5
6267,6268,1
6268,6269,5
6269,6270,5
6270,6271,3
6271,6272,5
6272,6273,5
6273,6274,3
6274,6275,5
6275,6276,5
6276,6277,5
6277,6278,5
6278,6279,5
6279,6280,5
6280,6281,5
6281,6282,5
6282,6283,3
6283,6284,5
6284,6285,5
6285,6286,5
6286,6287,5
6287,6288,5
6288,6289,5
6289,6290,5
6290,6291,3
6291,6292,3
6292,6293,3
6293,6294,5
6294,6295,5
6295,6296,5
6296,6297,5
6297,6298,5
6298,6299,3
6299,6300,5
6300,6301,5
6301,6302,5
6302,6303,5
6303,6304,3
6304,6305,1
6305,6306,3
6306,6307,5
6307,6308,5
6308,6309,3
6309,6310,5
6310,6311,5
6311,6312,3
6312,6313,5
6313,6314,5
6314,6315,5
6315,6316,5
6316,6317,5
6317,6318,5
6318,6319,5
6319,6320,5
6320,6321,5
6321,6322,5
6322,6323,5
6323,6324,5
6324,6325,5
6325,6326,5
6326,6327,5
6327,6328,5
6328,6329,5
6329,6330,1
6330,6331,5
6331,6332,3
6332,6333,5
6333,6334,5
6334,6335,1
6335,6336,5
6336,6337,5
6337,6338,5
6338,6339,5
6339,6340,5
6340,6341,5
6341,6342,5
6342,6343,5
6343,6344,5
6344,6345,5
6345,6346,3
6346,6347,5
6347,6348,3
6348,6349,5
6349,6350,5
6350,6351,5
6351,6352,5
6352,6353,5
6353,6354,5
6354,6355,5
6355,6356,5
6356,6357,5
6357,6358,5
6358,6359,3
6359,6360,5
6360,6361,3
6361,6362,3
6362,6363,5
6363,6364,5
6364,6365,5
6365,6366,5
6366,6367,3
6367,6368,5
6368,6369,5
6369,6370,1
6370,6371,5
6371,6372,5
6372,6373,5
6373,6374,5
6374,6375,5
6375,6376,3
6376,6377,5
6377,6378,3
6378,6379,5
6379,6380,5
6380,6381,5
6381,6382,5
6382,6383,3
6383,6384,5
6384,6385,5
6385,6386,5
6386,6387,5
6387,6388,5
6388,6389,5
6389,6390,5
6390,6391,5
6391,6392,3
6392,6393,3
6393,6394,5
6394,6395,3
6395,6396,5
6396,6397,5
6397,6398,5
6398,6399,3
6399,6400,5
6400,6401,5
6401,6402,5
6402,6403,5
6403,6404,5
6404,6405,5
6405,6406,5
6406,6407,5
6407,6408,5
6408,6409,5
6409,6410,3
6410,6411,3
6411,6412,5
6412,6413,5
6413,6414,1
6414,6415,5
6415,6416,5
6416,6417,5
6417,6418,5
6418,6419,5
6419,6420,5
6420,6421,5
6421,6422,3
6422,6423,5
6423,6424,5
6424,6425,5
6425,6426,5
6426,6427,5
6427,6428,5
6428,6429,1
6429,6430,5
6430,6431,5
6431,6432,5
6432,6433,5
6433,6434,5
6434,6435,5
6435,6436,5
6436,6437,1
6437,6438,1
6438,6439,3
6439,6440,3
6440,6441,5
6441,6442,5
6442,6443,5
6443,6444,5
6444,6445,3
6445,6446,5
6446,6447,5
6447,6448,5
6448,6449,3
6449,6450,5
6450,6451,5
6451,6452,5
6452,6453,5
6453,6454,5
6454,6455,5
6455,6456,5
6456,6457,5
6457,6458,5
6458,6459,5
6459,6460,5
6460,6461,3
6461,6462,5
6462,6463,3
6463,6464,3
6464,6465,5
6465,6466,5
6466,6467,5
6467,6468,5
6468,6469,5
6469,6470,3
6470,6471,5
6471,6472,5
6472,6473,3
6473,6474,1
6474,6475,5
6475,6476,5
6476,6477,5
6477,6478,5
6478,6479,5
6479,6480,5
6480,6481,5
6481,6482,5
6482,6483,5
6483,6484,5
6484,6485,5
6485,6486,3
6486,6487,1
6487,6488,5
6488,6489,5
6489,6490,3
6490,6491,5
6491,6492,3
6492,6493,5
6493,6494,3
6494,6495,3
6495,6496,5
6496,6497,3
6497,6498,5
6498,6499,5
6499,6500,3
6500,6501,1
6501,6502,5
6502,6503,5
6503,6504,3
6504,6505,3
6505,6506,5
6506,6507,3
6507,6508,5
6508,6509,5
6509,6510,5
6510,6511,3
6511,6512,5
6512,6513,5
6513,6514,5
6514,6515,5
6515,6516,5
6516,6517,3
6517,6518,5
6518,6519,5
6519,6520,5
6520,6521,5
6521,6522,1
6522,6523,5
6523,6524,5
6524,6525,5
6525,6526,1
6526,6527,5
6527,6528,5
6528,6529,5
6529,6530,5
6530,6531,5
6531,6532,5
6532,6533,5
6533,6534,5
6534,6535,3
6535,6536,3
6536,6537,5
6537,6538,5
6538,6539,5
6539,6540,3
6540,6541,3
6541,6542,5
6542,6543,5
6543,6544,5
6544,6545,5
6545,6546,5
6546,6547,1
6547,6548,3
6548,6549,3
6549,6550,5
6550,6551,5
6551,6552,3
6552,6553,5
6553,6554,5
6554,6555,5
6555,6556,5
6556,6557,5
6557,6558,5
6558,6559,5
6559,6560,5
6560,6561,5
6561,6562,3
6562,6563,5
6563,6564,1
6564,6565,5
6565,6566,1
6566,6567,3
6567,6568,5
6568,6569,3
6569,6570,3
6570,6571,5
6571,6572,5
6572,6573,5
6573,6574,5
6574,6575,3
6575,6576,5
6576,6577,5
6577,6578,3
6578,6579,5
6579,6580,5
6580,6581,5
6581,6582,5
6582,6583,5
6583,6584,5
6584,6585,5
6585,6586,5
6586,6587,5
6587,6588,5
6588,6589,5
6589,6590,3
6590,6591,3
6591,6592,5
6592,6593,5
6593,6594,5
6594,6595,5
6595,6596,5
6596,6597,5
6597,6598,5
6598,6599,5
6599,6600,5
6600,6601,5
6601,6602,3
6602,6603,5
6603,6604,5
6604,6605,5
6605,6606,5
6606,6607,5
6607,6608,3
6608,6609,5
6609,6610,3
6610,6611,5
6611,6612,5
6612,6613,5
6613,6614,5
6614,6615,3
6615,6616,3
6616,6617,3
6617,6618,5
6618,6619,5
6619,6620,5
6620,6621,5
6621,6622,5
6622,6623,1
6623,6624,3
6624,6625,5
6625,6626,5
6626,6627,5
6627,6628,5
6628,6629,5
6629,6630,5
6630,6631,5
6631,6632,5
6632,6633,5
6633,6634,5
6634,6635,3
6635,6636,3
6636,6637,5
6637,6638,5
6638,6639,5
6639,6640,3
6640,6641,5
6641,6642,1
6642,6643,5
6643,6644,3
6644,6645,1
6645,6646,5
6646,6647,5
6647,6648,5
6648,6649,5
6649,6650,5
6650,6651,5
6651,6652,5
6652,6653,5
6653,6654,3
6654,6655,5
6655,6656,3
6656,6657,5
6657,6658,5
6658,6659,3
6659,6660,3
6660,6661,5
6661,6662,5
6662,6663,5
6663,6664,3
6664,6665,5
6665,6666,5
6666,6667,5
6667,6668,5
6668,6669,5
6669,6670,5
6670,6671,5
6671,6672,1
6672,6673,5
6673,6674,3
6674,6675,3
6675,6676,5
6676,6677,5
6677,6678,5
6678,6679,5
6679,6680,5
6680,6681,5
6681,6682,5
6682,6683,5
6683,6684,5
6684,6685,5
6685,6686,3
6686,6687,5
6687,6688,1
6688,6689,5
6689,6690,1
6690,6691,5
6691,6692,5
6692,6693,5
6693,6694,5
6694,6695,5
6695,6696,5
6696,6697,5
6697,6698,5
6698,6699,1
6699,6700,5
6700,6701,3
6701,6702,3
6702,6703,3
6703,6704,5
6704,6705,5
6705,6706,5
6706,6707,5
6707,6708,5
6708,6709,5
6709,6710,5
6710,6711,5
6711,6712,5
6712,6713,5
6713,6714,3
6714,6715,5
6715,6716,1
6716,6717,3
6717,6718,3
6718,6719,5
6719,6720,5
6720,6721,5
6721,6722,3
6722,6723,5
6723,6724,5
6724,6725,5
6725,6726,5
6726,6727,5
6727,6728,3
6728,6729,5
6729,6730,5
6730,6731,5
6731,6732,5
6732,6733,5
6733,6734,5
6734,6735,5
6735,6736,3
6736,6737,5
6737,6738,5
6738,6739,5
6739,6740,5
6740,6741,5
6741,6742,1
6742,6743,1
6743,6744,5
6744,6745,5
6745,6746,5
6746,6747,3
6747,6748,5
6748,6749,5
6749,6750,1
6750,6751,5
6751,6752,5
6752,6753,5
6753,6754,5
6754,6755,5
6755,6756,5
6756,6757,5
6757,6758,5
6758,6759,5
6759,6760,5
6760,6761,3
6761,6762,1
6762,6763,5
6763,6764,5
6764,6765,5
6765,6766,5
6766,6767,1
6767,6768,3
6768,6769,5
6769,6770,5
6770,6771,5
6771,6772,1
6772,6773,1
6773,6774,5
6774,6775,5
6775,6776,5
6776,6777,1
6777,6778,3
6778,6779,5
6779,6780,5
6780,6781,5
6781,6782,5
6782,6783,1
6783,6784,5
6784,6785,1
6785,6786,5
6786,6787,5
6787,6788,3
6788,6789,3
6789,6790,3
6790,6791,5
6791,6792,5
6792,6793,5
6793,6794,3
6794,6795,1
6795,6796,5
6796,6797,1
6797,6798,5
6798,6799,5
6799,6800,3
6800,6801,3
6801,6802,3
6802,6803,5
6803,6804,5
6804,6805,5
6805,6806,5
6806,6807,3
6807,6808,5
6808,6809,1
6809,6810,1
6810,6811,5
6811,6812,5
6812,6813,5
6813,6814,3
6814,6815,5
6815,6816,3
6816,6817,3
6817,6818,5
6818,6819,5
6819,6820,5
6820,6821,1
6821,6822,5
6822,6823,3
6823,6824,5
6824,6825,5
6825,6826,3
6826,6827,5
6827,6828,5
6828,6829,3
6829,6830,5
6830,6831,5
6831,6832,5
6832,6833,5
6833,6834,5
6834,6835,5
6835,6836,5
6836,6837,5
6837,6838,5
6838,6839,5
6839,6840,5
6840,6841,5
6841,6842,5
6842,6843,5
6843,6844,5
6844,6845,5
6845,6846,3
6846,6847,5
6847,6848,5
6848,6849,5
6849,6850,5
6850,6851,5
6851,6852,5
6852,6853,5
6853,6854,3
6854,6855,5
6855,6856,5
6856,6857,3
6857,6858,5
6858,6859,5
6859,6860,1
6860,6861,5
6861,6862,5
6862,6863,5
6863,6864,5
6864,6865,5
6865,6866,3
6866,6867,5
6867,6868,5
6868,6869,5
6869,6870,3
6870,6871,5
6871,6872,5
6872,6873,3
6873,6874,3
6874,6875,5
6875,6876,5
6876,6877,3
6877,6878,5
6878,6879,5
6879,6880,5
6880,6881,5
6881,6882,3
6882,6883,5
6883,6884,3
6884,6885,5
6885,6886,5
6886,6887,3
6887,6888,5
6888,6889,5
6889,6890,5
6890,6891,5
6891,6892,5
6892,6893,5
6893,6894,5
6894,6895,5
6895,6896,1
6896,6897,5
6897,6898,5
6898,6899,3
6899,6900,5
6900,6901,5
6901,6902,5
6902,6903,5
6903,6904,3
6904,6905,5
6905,6906,3
6906,6907,3
6907,6908,5
6908,6909,5
6909,6910,3
6910,6911,3
6911,6912,5
6912,6913,5
6913,6914,3
6914,6915,5
6915,6916,3
6916,6917,5
6917,6918,5
6918,6919,5
6919,6920,5
6920,6921,5
6921,6922,5
6922,6923,5
6923,6924,3
6924,6925,5
6925,6926,3
6926,6927,5
6927,6928,5
6928,6929,3
6929,6930,3
6930,6931,1
6931,6932,5
6932,6933,5
6933,6934,5
6934,6935,3
6935,6936,5
6936,6937,5
6937,6938,5
6938,6939,3
6939,6940,3
6940,6941,5
6941,6942,5
6942,6943,5
6943,6944,3
6944,6945,5
6945,6946,5
6946,6947,5
6947,6948,5
6948,6949,1
6949,6950,5
6950,6951,5
6951,6952,5
6952,6953,5
6953,6954,5
6954,6955,5
6955,6956,5
6956,6957,5
6957,6958,3
6958,6959,5
6959,6960,5
6960,6961,5
6961,6962,3
6962,6963,5
6963,6964,5
6964,6965,5
6965,6966,5
6966,6967,5
6967,6968,5
6968,6969,3
6969,6970,5
6970,6971,5
6971,6972,5
6972,6973,5
6973,6974,5
6974,6975,5
6975,6976,5
6976,6977,5
6977,6978,5
6978,6979,5
6979,6980,5
6980,6981,5
6981,6982,5
6982,6983,5
6983,6984,5
6984,6985,5
6985,6986,5
6986,6987,5
6987,6988,3
6988,6989,5
6989,6990,5
6990,6991,5
6991,6992,5
6992,6993,3
6993,6994,3
6994,6995,5
6995,6996,5
6996,6997,5
6997,6998,5
6998,6999,5
6999,7000,3
7000,7001,5
7001,7002,5
7002,7003,5
7003,7004,5
7004,7005,5
7005,7006,5
7006,7007,5
7007,7008,5
7008,7009,1
7009,7010,5
7010,7011,5
7011,7012,3
7012,7013,3
7013,7014,5
7014,7015,5
7015,7016,5
7016,7017,5
7017,7018,5
